length_l,centroid_ccdf,centroid_ci_low,centroid_ci_high,player_ccdf,player_ci_low,player_ci_high,null_ccdf,n_centroid_at_risk,n_player_at_risk,reliable_support_flag,n_bootstrap,bootstrap_unit
0.0029397354279826235,1.0,1.0,1.0,1.0,1.0,1.0,0.999546339767255,18021,309693,True,200,match_id+match_phase+team+source_key
0.003122530447268291,0.9998890183674601,0.9997242429777997,1.0,1.0,1.0,1.0,0.999518137621093,18019,309693,True,200,match_id+match_phase+team+source_key
0.003316691802026727,0.9998890183674601,0.9997242429777997,1.0,1.0,1.0,1.0,0.9994881827151796,18019,309693,True,200,match_id+match_phase+team+source_key
0.0035229262597759187,0.9998335275511903,0.9996220608055356,1.0,1.0,1.0,1.0,0.9994563661732784,18018,309693,True,200,match_id+match_phase+team+source_key
0.0037419845353839523,0.9998335275511903,0.9996220608055356,1.0,1.0,1.0,1.0,0.9994225723634635,18018,309693,True,200,match_id+match_phase+team+source_key
0.00397466402374919,0.9997780367349204,0.9995521251365979,0.9999443474363162,1.0,1.0,1.0,0.9993866784798818,18017,309693,True,200,match_id+match_phase+team+source_key
0.004221811702400621,0.9997780367349204,0.9995521251365979,0.9999443474363162,1.0,1.0,1.0,0.9993485540987416,18017,309693,True,200,match_id+match_phase+team+source_key
0.004484327214584098,0.9997780367349204,0.9995521251365979,0.9999443474363162,1.0,1.0,1.0,0.999308060706959,18017,309693,True,200,match_id+match_phase+team+source_key
0.004763166144057301,0.9996670551023805,0.9994063499905547,0.999889221378604,1.0,1.0,1.0,0.999265051201794,18015,309693,True,200,match_id+match_phase+team+source_key
0.005059343493513979,0.9995560734698408,0.9991903550874351,0.9998318597697623,1.0,1.0,1.0,0.9992193693597107,18013,309693,True,200,match_id+match_phase+team+source_key
0.00537393737929925,0.9995005826535708,0.9991361048234981,0.9997778548698472,1.0,1.0,1.0,0.9991708492725913,18012,309693,True,200,match_id+match_phase+team+source_key
0.005708092955865228,0.9994450918373009,0.9990719990947668,0.9997750878092175,1.0,1.0,1.0,0.9991193147493229,18011,309693,True,200,match_id+match_phase+team+source_key
0.006063026584252253,0.999389601021031,0.9989254399406774,0.9997217660190818,1.0,1.0,1.0,0.9990645786806596,18010,309693,True,200,match_id+match_phase+team+source_key
0.006440030259769555,0.9993341102047612,0.9988496919138671,0.9997184477591003,1.0,1.0,1.0,0.9990064423651355,18009,309693,True,200,match_id+match_phase+team+source_key
0.006840476314992523,0.9993341102047612,0.9988496919138671,0.9997184477591003,1.0,1.0,1.0,0.9989446947936803,18009,309693,True,200,match_id+match_phase+team+source_key
0.00726582241519593,0.9992786193884912,0.998792811625515,0.9996648544398467,1.0,1.0,1.0,0.998879111890446,18008,309693,True,200,match_id+match_phase+team+source_key
0.0077176168644070885,0.9991121469396815,0.998593188087482,0.999550175618435,1.0,1.0,1.0,0.9988094557072109,18005,309693,True,200,match_id+match_phase+team+source_key
0.008197504241393523,0.9989456744908718,0.998354278309533,0.9994342545191576,0.9996964736045051,0.9995947387014491,0.9998180371509378,0.9987354735685757,18002,309599,True,200,match_id+match_phase+team+source_key
0.008707231386100604,0.9987237112257922,0.9981604506754777,0.9991064719524346,0.999112023842967,0.9988181939689622,0.9994234700539887,0.9986568971650037,17998,309418,True,200,match_id+match_phase+team+source_key
0.009248653758330633,0.9986682204095222,0.998141523733924,0.9990989810940727,0.9988246424685091,0.9984794360795315,0.9991233433213736,0.9985734415905901,17997,309329,True,200,match_id+match_phase+team+source_key
0.009823742191809379,0.9986127295932523,0.9980322839173471,0.9990506461812584,0.9981497805891641,0.9974741006010097,0.998570567217227,0.9984848043222675,17996,309120,True,200,match_id+match_phase+team+source_key
0.01043459006822576,0.9983907663281727,0.9978036269980004,0.9988573432325019,0.9981497805891641,0.9974741006010097,0.998570567217227,0.9983906641369669,17992,309120,True,200,match_id+match_phase+team+source_key
0.011083420937358859,0.9983352755119028,0.997706117875551,0.9988271579871649,0.9981497805891641,0.9974741006010097,0.998570567217227,0.9982906799630606,17991,309120,True,200,match_id+match_phase+team+source_key
0.01177259661103028,0.9980578214305532,0.9974065387558693,0.9986572704751232,0.9981497805891641,0.9974741006010097,0.998570567217227,0.9981844896622057,17986,309120,True,200,match_id+match_phase+team+source_key
0.012504625760344714,0.9978913489817435,0.9972007821037364,0.9985451369063622,0.9981497805891641,0.9974741006010097,0.998570567217227,0.998071708737492,17983,309120,True,200,match_id+match_phase+team+source_key
0.013282173047513626,0.9975584040841241,0.9967281988113902,0.9983433457225019,0.9981497805891641,0.9974741006010097,0.998570567217227,0.9979519289635751,17977,309120,True,200,match_id+match_phase+team+source_key
0.014108068825502718,0.9973364408190445,0.9964501210805419,0.9982284153036043,0.9981497805891641,0.9974741006010097,0.998570567217227,0.9978247169342384,17973,309120,True,200,match_id+match_phase+team+source_key
0.01498531944081097,0.9973364408190445,0.9964501210805419,0.9982284153036043,0.9981497805891641,0.9974741006010097,0.998570567217227,0.997689612522581,17973,309120,True,200,match_id+match_phase+team+source_key
0.01591711817688454,0.9972254591865046,0.9963242606380315,0.9981155308298257,0.9981497805891641,0.9974741006010097,0.998570567217227,0.9975461272487766,17971,309120,True,200,match_id+match_phase+team+source_key
0.016906856878000403,0.997003495921425,0.9960814160181559,0.9978281930897404,0.9975427277981743,0.9967943646675189,0.9980523601324108,0.9973937425500744,17967,308932,True,200,match_id+match_phase+team+source_key
0.01795813829593225,0.9969480051051551,0.9960314847429586,0.9977294138865411,0.9968872399440737,0.9959620664079578,0.9975539751774022,0.9972319079474453,17966,308729,True,200,match_id+match_phase+team+source_key
0.019074789204341476,0.9965595693912658,0.9955024106519768,0.9975222870427064,0.9952178447688518,0.9938497678547477,0.996069484681532,0.9970600391029784,17959,308212,True,200,match_id+match_phase+team+source_key
0.02026087432863117,0.9962266244936463,0.9952043566773331,0.9971499438076263,0.9941974794393157,0.9923496983478095,0.9953398896762597,0.9968775157618431,17953,307896,True,200,match_id+match_phase+team+source_key
0.021520711141969205,0.9958381887797569,0.99463180610331,0.9967128539960106,0.9922729929317098,0.9900151249705671,0.9937285208301379,0.9966836795723208,17946,307300,True,200,match_id+match_phase+team+source_key
0.022858885581339455,0.9950613173519782,0.9938188356444625,0.9961479797986753,0.9922729929317098,0.9900151249705671,0.9937285208301379,0.9964778317770903,17932,307300,True,200,match_id+match_phase+team+source_key
0.024280268740829152,0.9943954275567394,0.992883307335822,0.9957408701125832,0.9919081154562744,0.9897008662439859,0.9934237651160516,0.9962592307686295,17920,307187,True,200,match_id+match_phase+team+source_key
0.025790034602917882,0.9934520836801509,0.9917833952229634,0.9947691821465914,0.9898770718098245,0.9872143178722328,0.9917030218593449,0.9960270895012603,17903,306558,True,200,match_id+match_phase+team+source_key
0.027393678872311717,0.9925642306198325,0.990747616846628,0.9942597145956283,0.9887114012909559,0.9857287803540559,0.9908855892122478,0.9957805727520164,17887,306197,True,200,match_id+match_phase+team+source_key
0.029097038980879647,0.9918983408245935,0.9898681447480866,0.9936112519136949,0.9879913333527074,0.984652670177594,0.9902558406257588,0.9955187942221781,17875,305974,True,200,match_id+match_phase+team+source_key
0.030906315336512665,0.9905665612341158,0.9884769951037512,0.9925099498438051,0.9874779216837319,0.98415486924186,0.9898652273550772,0.9952408134709543,17851,305815,True,200,match_id+match_phase+team+source_key
0.032828093893252926,0.9892902724599079,0.9870132753416048,0.9911036988518384,0.986457556354196,0.9827786293509481,0.9889951857042049,0.9949456326724477,17828,305499,True,200,match_id+match_phase+team+source_key
0.03486937012485137,0.9877365296043504,0.9853228438973648,0.9896500864644523,0.9846267109686044,0.9805298234297855,0.9874849868797553,0.9946321931866815,17800,304932,True,200,match_id+match_phase+team+source_key
0.037037574489019356,0.986848676544032,0.9843239550708741,0.9890169945159843,0.9838000858915119,0.9796628487523448,0.986616698078287,0.9942993719351139,17784,304676,True,200,match_id+match_phase+team+source_key
0.03934059947506737,0.9855168969535542,0.9827832004142167,0.9880820644222814,0.9799769449099592,0.9749068789529362,0.9835051765532123,0.9939459775707257,17760,303492,True,200,match_id+match_phase+team+source_key
0.0417868283333866,0.9840741357305366,0.9809505521443747,0.9868093547890102,0.9776520618806366,0.9721914266265351,0.9812127123522353,0.9935707464324269,17734,302772,True,200,match_id+match_phase+team+source_key
0.044385165591352034,0.9817990122634704,0.9783170938189119,0.9845513746416914,0.9761764069578582,0.9704412556407954,0.9801005212045232,0.993172338273209,17693,302315,True,200,match_id+match_phase+team+source_key
0.04714506946672777,0.9794683979801343,0.9760311864556983,0.9824223062431807,0.9737675698191435,0.9676393564235374,0.9779309198365072,0.9927493317511661,17651,301569,True,200,match_id+match_phase+team+source_key
0.05007658629656319,0.9771377836967982,0.973655944606236,0.980230520628713,0.9723597239847204,0.9660943949417712,0.9766943557145361,0.9923002196722325,17609,301133,True,200,match_id+match_phase+team+source_key
0.05319038710690424,0.9747516785971921,0.9707326349822002,0.9783551819681763,0.9708162599735868,0.9642192423394502,0.9753489229777038,0.9918234039732375,17566,300655,True,200,match_id+match_phase+team+source_key
0.056497806456437615,0.9722545918650464,0.9680855546509703,0.9760713471934263,0.9668252107732497,0.9598192498816487,0.971657833561528,0.9913171904336737,17521,299419,True,200,match_id+match_phase+team+source_key
0.06001088369546298,0.9695355418678209,0.9649562599927071,0.9737167132928158,0.9636349546163459,0.9560976197388231,0.9689458500178038,0.990779783104417,17472,298431,True,200,match_id+match_phase+team+source_key
0.06374240679037965,0.9669274735031352,0.9619538640290092,0.9712701000861957,0.9606029196656043,0.9527635083674093,0.966280563589563,0.9902092784415417,17425,297492,True,200,match_id+match_phase+team+source_key
0.06770595887321391,0.9638754786082904,0.9584540385896674,0.9685095776493003,0.9580261743081051,0.9499369058816349,0.9638905976307217,0.9896036591333468,17370,296694,True,200,match_id+match_phase+team+source_key
0.07191596768563167,0.9608789745297154,0.9555731694925282,0.9657653621891189,0.9556625432282938,0.947220918095516,0.961642091517187,0.9889607876087655,17316,295962,True,200,match_id+match_phase+team+source_key
0.07638775809741834,0.9573830531047112,0.9513687517115714,0.9626156366007771,0.9509966321486117,0.9418727203127638,0.9572414569607031,0.988278399215493,17253,294517,True,200,match_id+match_phase+team+source_key
0.08113760789059801,0.9533877143332778,0.9468316482742348,0.9591543336651344,0.9473769184321247,0.9378808598303359,0.9540723454889144,0.9875540950564403,17181,293396,True,200,match_id+match_phase+team+source_key
0.08618280701225256,0.9488374673991454,0.9419778088099552,0.9549101814475865,0.94384115882503,0.9342377672082106,0.9507395094860926,0.9867853344735358,17099,292301,True,200,match_id+match_phase+team+source_key
0.09154172051172633,0.9452860551578713,0.938002734059126,0.9517615078713995,0.9414936727662556,0.9315740539570112,0.9487348866444436,0.9859694271684681,17035,291574,True,200,match_id+match_phase+team+source_key
0.0972338553913155,0.9412352255701681,0.9335985726195095,0.9479998568589387,0.9360560296810067,0.925597742801588,0.9440302661261133,0.9851035249507227,16962,289890,True,200,match_id+match_phase+team+source_key
0.1032799316137844,0.9362965429221464,0.9276614609689201,0.9436858555769693,0.931838950186152,0.9211037847003573,0.9402211991117766,0.9841846131042329,16873,288584,True,200,match_id+match_phase+team+source_key
0.10970195752518401,0.9319127684368237,0.9229628589853931,0.9395195789511172,0.9279512291204516,0.916948952373325,0.9368382101142188,0.9832095013651805,16794,287380,True,200,match_id+match_phase+team+source_key
0.11652330996752007,0.9268631041562622,0.9180375592327524,0.9348087420805519,0.9223392198080034,0.9110192630977154,0.93174441418036,0.9821748145049771,16703,285642,True,200,match_id+match_phase+team+source_key
0.12376881937288829,0.9222573664058599,0.9124685530387181,0.9305489590924498,0.9181124533005266,0.9065780624450904,0.927945544752477,0.981076982514271,16620,284333,True,200,match_id+match_phase+team+source_key
0.1314648601488288,0.9166527939625992,0.9065420777800073,0.925373821532811,0.9129202145350396,0.9012256249724501,0.9229597598216064,0.9799122303860028,16519,282725,True,200,match_id+match_phase+team+source_key
0.1396394466839115,0.9110482215193385,0.9008071711381896,0.9197180141361564,0.9074373653908872,0.8953416529450055,0.9177583262225835,0.9786765674981263,16418,281027,True,200,match_id+match_phase+team+source_key
0.1483223353230234,0.9045557960157594,0.8933893239053244,0.9136071762825287,0.9028812404542563,0.8903736203674697,0.9134418365529924,0.9773657765996708,16301,279616,True,200,match_id+match_phase+team+source_key
0.15754513268355763,0.899395150102658,0.8882033623245583,0.9090153360704044,0.896478125110997,0.8833614110919467,0.9074258368191253,0.9759754024074129,16208,277633,True,200,match_id+match_phase+team+source_key
0.1673414107067865,0.892847233782809,0.8817773502265207,0.9027084371623944,0.8904172842137213,0.876737466371421,0.9015810729810576,0.9745007398246067,16090,275756,True,200,match_id+match_phase+team+source_key
0.17774682886321866,0.8871871705232784,0.8759734504825019,0.8973859958106972,0.884046458912536,0.8702007679361075,0.8954180082681049,0.9729368217980849,15988,273783,True,200,match_id+match_phase+team+source_key
0.18879926395677898,0.8814161256312081,0.8701681940058713,0.8916833263894429,0.8776304275524471,0.8636516950705738,0.8892171856541723,0.9712784068356414,15884,271796,True,200,match_id+match_phase+team+source_key
0.20053894800031288,0.8746462460462794,0.8624420644589381,0.8849041556233488,0.870817228674849,0.8568300281291058,0.8829352668253936,0.9695199662120604,15762,269686,True,200,match_id+match_phase+team+source_key
0.21300861466429566,0.8668775317684924,0.8546764933647906,0.8768365436849253,0.8633905189978462,0.8492778162448319,0.8761208993294538,0.9676556708995349,15622,267386,True,200,match_id+match_phase+team+source_key
0.22625365483183646,0.8594417623883247,0.8473991702741702,0.8692618231827965,0.8557603820557779,0.8414681778677024,0.8690841015907952,0.9656793782666445,15488,265023,True,200,match_id+match_phase+team+source_key
0.2403222818262118,0.850896176682759,0.8390054791744607,0.8613249000512059,0.8481237871052946,0.8334115524019446,0.8615307637643687,0.9635846185996457,15334,262658,True,200,match_id+match_phase+team+source_key
0.25526570691237466,0.8434049164863215,0.8302430377407229,0.854020841538548,0.8386272857313533,0.8238123411114351,0.8521647266811252,0.9613645815106814,15199,259717,True,200,match_id+match_phase+team+source_key
0.2711383257112838,0.8362466011875035,0.8224368495349774,0.8478158345544885,0.8296086769801061,0.8146516453062618,0.8433464712206875,0.9590121023097896,15070,256924,True,200,match_id+match_phase+team+source_key
0.2879979162056192,0.8282004328283669,0.8150344128152412,0.8396920237087049,0.8198247942317068,0.804419277682376,0.8339960349775081,0.9565196484314066,14925,253894,True,200,match_id+match_phase+team+source_key
0.3059058490576461,0.8198768103878808,0.8060296775139433,0.832140338698102,0.8096114539237245,0.793801427602305,0.8241246472973889,0.9538793060215702,14775,250731,True,200,match_id+match_phase+team+source_key
0.3249273110048064,0.8110537706009655,0.7974024591055391,0.8231979925768663,0.7986134655933457,0.7823526177549017,0.8135433100912229,0.9510827668093953,14616,247325,True,200,match_id+match_phase+team+source_key
0.3451315421462199,0.80239720326286,0.7885233506535216,0.8149419030129396,0.787386217964242,0.7710985419981299,0.8025133650020971,0.9481213154057628,14460,243848,True,200,match_id+match_phase+team+source_key
0.3665920879838441,0.7911325675600688,0.7771956742004278,0.80394430672659,0.7760685582173313,0.7595258829587836,0.7914807508157404,0.9449858171937107,14257,240343,True,200,match_id+match_phase+team+source_key
0.38938706713574867,0.7804783308362466,0.7664366331616272,0.794133053264574,0.7647541274746281,0.7481086981443271,0.7801174098051152,0.9416667069988943,14065,236839,True,200,match_id+match_phase+team+source_key
0.4135994556960055,0.7708784196215527,0.7571867124933735,0.7838797595168691,0.7528358729451424,0.7359245470467192,0.7684161384351568,0.9381539787548736,13892,233148,True,200,match_id+match_phase+team+source_key
0.4393173892762983,0.7589478941235226,0.7457994169471508,0.7722692870981723,0.7412469768448108,0.7243958948005645,0.7570929687336299,0.9344371764070108,13677,229559,True,200,match_id+match_phase+team+source_key
0.46663448382871464,0.7468508961766828,0.7335035663521924,0.7601333568518106,0.7295095465509391,0.7128404296201125,0.7456922216345613,0.9305053863306141,13459,225924,True,200,match_id+match_phase+team+source_key
0.4956501764175408,0.7349758614949226,0.7220322850631313,0.7474219013419438,0.718072413648355,0.7015599245645322,0.7344989599201788,0.9263472315737165,13245,222382,True,200,match_id+match_phase+team+source_key
0.5264700871805184,0.7242106431385605,0.7108713540634148,0.7368469727143355,0.7066578837752225,0.6899457682012026,0.7232467089342662,0.9219508682726792,13051,218847,True,200,match_id+match_phase+team+source_key
0.559206403797123,0.7104489207036235,0.6979460352315281,0.7230300332435416,0.6957858266089321,0.6790860754868018,0.712247372589795,0.9173039846296855,12803,215480,True,200,match_id+match_phase+team+source_key
0.5939782898633835,0.6980744686754342,0.6848411273226088,0.7116102079866334,0.6842518235801262,0.6674037333934199,0.7008303045640654,0.9123938028851765,12580,211908,True,200,match_id+match_phase+team+source_key
0.6309123186597618,0.6853670717496254,0.6726844234156797,0.6979350158442734,0.6729470798500451,0.6564467315792204,0.6894303751290399,0.9072070847653269,12351,208407,True,200,match_id+match_phase+team+source_key
0.670142933891051,0.6705510238055602,0.6575666796405233,0.6828508940697149,0.6610094512953151,0.6442861885655508,0.6777351133793912,0.901730140934628,12084,204710,True,200,match_id+match_phase+team+source_key
0.7118129390754391,0.6569557738194329,0.6433360829001791,0.6701340312358534,0.6488457924460675,0.631591341137558,0.6656314283374832,0.8959488450363168,11839,200943,True,200,match_id+match_phase+team+source_key
0.7560740173641655,0.641917762610288,0.6277912608665919,0.6547935234767911,0.6363140271171773,0.6186737660718398,0.6531254711381927,0.8898486529584156,11568,197062,True,200,match_id+match_phase+team+source_key
0.803087283683957,0.6267687697686033,0.6131331999071709,0.6397120959510443,0.6236369565989545,0.6061215038236328,0.6407100786230345,0.8834146280200191,11295,193136,True,200,match_id+match_phase+team+source_key
0.8530238712121143,0.613118028966206,0.5996716348375,0.6254879631003123,0.6103011692224235,0.5929363453873041,0.6275255543402612,0.8766314728304995,11049,189006,True,200,match_id+match_phase+team+source_key
0.9060655543190723,0.5985794351034903,0.5854299909670118,0.610703242036202,0.5966424814251533,0.57955456974342,0.6137970480468178,0.8694835686326093,10787,184776,True,200,match_id+match_phase+team+source_key
0.9624054102460021,0.5857610565451418,0.5727355404117855,0.5976953477034016,0.5824736109631151,0.5652882562788262,0.5993620908540431,0.8619550229978789,10556,180388,True,200,match_id+match_phase+team+source_key
1.0222485219260455,0.5726097330891737,0.5592591261758517,0.584907198578321,0.5677364357605758,0.5504125078934338,0.5844899186969141,0.8540297267977758,10319,175824,True,200,match_id+match_phase+team+source_key
1.0858127245075164,0.5576272126962988,0.5446531143849159,0.5697518545396476,0.552789375284556,0.535737981835092,0.5691041943787973,0.8456914214250354,10049,171195,True,200,match_id+match_phase+team+source_key
1.1533293982964825,0.5434770545474724,0.5314996753783464,0.5550452140047482,0.537939184934758,0.5214461063573074,0.5537528412024334,0.8369237772841635,9794,166596,True,200,match_id+match_phase+team+source_key
1.2250443110051432,0.5307141668053937,0.5188094793477829,0.5421912763665429,0.5231503456649004,0.506644285305716,0.5386671569963016,0.8277104846057229,9564,162016,True,200,match_id+match_phase+team+source_key
1.3012185123718467,0.5182287331446646,0.5058832188077914,0.5293939337411092,0.5082517202519915,0.4922591631407672,0.5234620031914244,0.8180353576624922,9339,157402,True,200,match_id+match_phase+team+source_key
1.3821292844092816,0.5055768270351257,0.49354911669029017,0.5167069738413779,0.49413774286147893,0.47824644726540955,0.5089958893627242,0.8078824534732041,9111,153031,True,200,match_id+match_phase+team+source_key
1.468071150739836,0.49264746684423727,0.48119214459355164,0.5038950863834425,0.4807567494260445,0.46535561625828514,0.4952036403786479,0.7972362060670379,8878,148887,True,200,match_id+match_phase+team+source_key
1.5593569486921968,0.4813828311414461,0.4695714956144536,0.49240056473252225,0.4676082442935423,0.45256739337495216,0.48178537099195107,0.7860815773443659,8675,144815,True,200,match_id+match_phase+team+source_key
1.656318968061753,0.4716164474779424,0.45986790773662733,0.4824386498073578,0.45457275430829885,0.43980554350745954,0.46854438251125186,0.7744042255007901,8499,140778,True,200,match_id+match_phase+team+source_key
1.7593101606800066,0.4610177015703901,0.4492275112864316,0.4715831013825114,0.44152434830622583,0.4268763656087082,0.45519131025407716,0.7621906918759381,8308,136737,True,200,match_id+match_phase+team+source_key
1.868705425195923,0.45136229953942625,0.44031014401256835,0.46157647913051325,0.42854375139250805,0.41419810107551813,0.44196654861933327,0.7494286069387527,8134,132717,True,200,match_id+match_phase+team+source_key
1.9849029717459965,0.44242827811997115,0.4309177989211491,0.4528719646407461,0.4155470094577533,0.401647747702648,0.4283977662684985,0.7361069159194847,7973,128692,True,200,match_id+match_phase+team+source_key
2.1083257714805548,0.4338826924144054,0.42244629261688316,0.44388263916168774,0.40209820693396364,0.38850839024102135,0.41452513880946545,0.7222161243370872,7819,124527,True,200,match_id+match_phase+team+source_key
2.2394230962227066,0.4255035791576494,0.41449450130649007,0.4356043282208739,0.38920479313384543,0.37598860176445414,0.4012935429808248,0.7077485633406259,7668,120534,True,200,match_id+match_phase+team+source_key
2.3786721538645073,0.41673603018700406,0.4060082179349562,0.4268633767616324,0.3761563871317724,0.3637116707607971,0.3877443732150227,0.6926986743759354,7510,116493,True,200,match_id+match_phase+team+source_key
2.5265798254532816,0.4087453526441374,0.39775300885892667,0.41919485790737104,0.3637150339206892,0.3514279975012552,0.37484708190530364,0.6770633121954982,7366,112640,True,200,match_id+match_phase+team+source_key
2.6836845102913447,0.4006436934687309,0.38916114058010465,0.4112079219669456,0.3516966802607744,0.3402598892951566,0.36280561998679095,0.6608420646423758,7220,108918,True,200,match_id+match_phase+team+source_key
2.8505580857654467,0.39254203429332446,0.3820787260904364,0.40326846758978685,0.33981394477757004,0.3287035578797514,0.3504599985364248,0.6440375869511454,7074,105238,True,200,match_id+match_phase+team+source_key
3.027807989039901,0.38416292103656846,0.3735631262418428,0.39451810616899635,0.32859315515688114,0.317970638688734,0.33907503131697814,0.6266559475151077,6923,101763,True,200,match_id+match_phase+team+source_key
3.216079428191024,0.3761722434937018,0.3657963217399283,0.38633442880576846,0.31782442612522727,0.3073047242373723,0.3280978118343673,0.6087069811671526,6779,98428,True,200,match_id+match_phase+team+source_key
3.416057730831627,0.36834803839964486,0.3577012823811109,0.37822511735700565,0.3075658797583413,0.2975234400663228,0.31750638534927134,0.5902046450129106,6638,95251,True,200,match_id+match_phase+team+source_key
3.6284708387747564,0.3598024526940791,0.3495581094751744,0.36948755550107726,0.2979595922413487,0.28856777897783065,0.3077877900902883,0.5711673707453152,6484,92276,True,200,match_id+match_phase+team+source_key
3.854091957817588,0.35170079351867267,0.34223492972202135,0.36039643367311097,0.288369449745393,0.2794686379488939,0.29791093394370616,0.5516184061718429,6338,89306,True,200,match_id+match_phase+team+source_key
4.093742372290928,0.3427667720992176,0.33347745903590803,0.3516950747038875,0.2791280397038357,0.27043838792491665,0.2881360413144072,0.5315861374195688,6177,86444,True,200,match_id+match_phase+team+source_key
4.348294434619541,0.3358859108817491,0.32732275185122184,0.3445359999810853,0.27007068290209985,0.2616983452685421,0.2788440856740069,0.5111043819781284,6053,83639,True,200,match_id+match_phase+team+source_key
4.61867474077569,0.3277842517063426,0.319239649899344,0.3368918159904023,0.2608615629026165,0.2528380809010671,0.2693297542531297,0.4902126414369154,5907,80787,True,200,match_id+match_phase+team+source_key
4.905867503184818,0.31996004661228566,0.31117633889518526,0.3292661122024367,0.25193982427759104,0.24399287514012247,0.2599764963737044,0.4689563015230313,5766,78024,True,200,match_id+match_phase+team+source_key
5.210918133361078,0.31224682315076857,0.30334398359344406,0.32207232257244706,0.24308589474092085,0.2352727127254551,0.2506538360442423,0.4473867659168128,5627,75282,True,200,match_id+match_phase+team+source_key
5.534937047313968,0.3034792741801232,0.29426320209910617,0.312797894169664,0.23458715566706384,0.22672024978334862,0.24194331050063955,0.42556150939294396,5469,72650,True,200,match_id+match_phase+team+source_key
5.8791037075780235,0.29565506908606626,0.2869436984528032,0.3046928252592414,0.22586884430710413,0.2183624716902482,0.23286021490666428,0.40354403520253507,5328,69950,True,200,match_id+match_phase+team+source_key
6.24467091657908,0.28638810276899174,0.2782730713317352,0.2957049090031388,0.21749603639733542,0.210345444746536,0.2241729788366857,0.381403721384183,5161,67357,True,200,match_id+match_phase+team+source_key
6.632969376965379,0.27734309971699683,0.26883938532136664,0.286497263053545,0.20905219039500408,0.202407900459631,0.2157731520230033,0.3592155409907319,4998,64742,True,200,match_id+match_phase+team+source_key
7.045412535503517,0.26907496809278064,0.2608050082425297,0.27865833587871097,0.20082791667877542,0.19462537576191882,0.20751110088464658,0.33705964217178785,4849,62195,True,200,match_id+match_phase+team+source_key
7.48350172817165,0.2594750568780867,0.2508778623635207,0.26898279157257515,0.19276186416870902,0.18643368624217432,0.19919358895708636,0.31502077579062115,4676,59697,True,200,match_id+match_phase+team+source_key
7.948831645178568,0.2510959436213307,0.242217276432668,0.2600309902733503,0.18509297917615186,0.17907909446658024,0.19115018795552455,0.2931875609023551,4525,57322,True,200,match_id+match_phase+team+source_key
8.44309613580181,0.24260584873203483,0.2333306983607224,0.25123806221319,0.17724649895218814,0.17141275118373278,0.1830385683814199,0.27165158208570794,4372,54892,True,200,match_id+match_phase+team+source_key
8.968094374175156,0.23344986404750015,0.22451909856573096,0.24185883402421576,0.16963250703115665,0.1638685016423654,0.1754505104769617,0.25050631738006346,4207,52534,True,200,match_id+match_phase+team+source_key
9.52573740846957,0.2240164252816159,0.21548939747302617,0.23185203512491417,0.1618506068913408,0.1563741557842235,0.16741232284707144,0.22984590146408446,4037,50124,True,200,match_id+match_phase+team+source_key
10.11805511730716,0.21491593141335108,0.20661493526139915,0.22261830897151882,0.1542850500334202,0.1490761679231229,0.15961740625137621,0.20976373568817203,3873,47781,True,200,match_id+match_phase+team+source_key
10.747203598730476,0.20487209366849787,0.19644283280433109,0.21292139025155557,0.14692292044056535,0.14185304663537365,0.15208860372389343,0.1903509645248574,3692,45501,True,200,match_id+match_phase+team+source_key
11.415473018623498,0.195216691637534,0.18710014313596615,0.20266738568367168,0.1395543328392957,0.13466676680271233,0.14467764680191342,0.17169484671227533,3518,43219,True,200,match_id+match_phase+team+source_key
12.125295947153576,0.1847844181787914,0.17685867158939547,0.1918403343510532,0.13212762316229298,0.1273038394089039,0.1368976910763843,0.15387705850407227,3330,40919,True,200,match_id+match_phase+team+source_key
12.879256213579785,0.1749070528827479,0.167089438439195,0.18160495653407935,0.12483007365358598,0.12006911224378906,0.12946061487064903,0.13697197554763513,3152,38659,True,200,match_id+match_phase+team+source_key
13.680098311660002,0.16491870595416458,0.1579163597357242,0.17198715159027358,0.1177294934015299,0.11318437688123424,0.12197254545490172,0.1210449884093455,2972,36460,True,200,match_id+match_phase+team+source_key
14.530737389893552,0.15465290494423173,0.1471202648349951,0.16141113223106532,0.11064828717471818,0.10625349802451889,0.11468532832488024,0.10615091395593146,2787,34267,True,200,match_id+match_phase+team+source_key
15.43426986296488,0.14483103046445814,0.1376268413880321,0.1512801049412594,0.10362520302363953,0.09952088242422938,0.10750682058935966,0.09233256990583354,2610,32092,True,200,match_id+match_phase+team+source_key
16.39398468301484,0.1355085733311137,0.12859814970424296,0.14231507154404424,0.09666669895670874,0.09280955092088217,0.1003155445182987,0.07961958206760432,2442,29937,True,200,match_id+match_phase+team+source_key
17.41337531176848,0.12707396925808778,0.12047157309633084,0.13377144851123693,0.0899858892516137,0.08652100149929828,0.09343364447404698,0.06802749229772183,2290,27868,True,200,match_id+match_phase+team+source_key
18.49615243709898,0.11802896620609289,0.11118982951797049,0.1248934095873595,0.08354725486207308,0.08024788861699048,0.08698384865294184,0.057557229368357846,2127,25874,True,200,match_id+match_phase+team+source_key
19.646257480317214,0.10837356417512901,0.10108101321407657,0.11504996532892132,0.0772668416786947,0.07400323293608978,0.0804252369914405,0.04819499428464646,1953,23929,True,200,match_id+match_phase+team+source_key
20.867876943355135,0.09949503357194385,0.09264505199364731,0.10599566408974856,0.07110590165098984,0.06806102200804082,0.07408927483438336,0.039912596003921816,1793,22021,True,200,match_id+match_phase+team+source_key
22.16545764806815,0.0908939570501082,0.0841968135311812,0.09723563558208508,0.06506120577475112,0.06211867432382295,0.06797961235660056,0.032668253285588464,1638,20149,True,200,match_id+match_phase+team+source_key
23.543722923128847,0.08195993563065312,0.07533419560246313,0.08857352472713469,0.059203792142541165,0.05645887821558317,0.06216750290061025,0.02640785434404329,1477,18335,True,200,match_id+match_phase+team+source_key
25.007689797434637,0.07319238666000777,0.06607593450655527,0.08001816777860143,0.05340450058606426,0.05085187936424529,0.056148720610039046,0.021066639434519505,1319,16539,True,200,match_id+match_phase+team+source_key
26.56268726261436,0.06570112646357028,0.05969534393561985,0.07175473190017297,0.047931338454534005,0.04544587617829742,0.05052925141428185,0.016571244336776786,1184,14844,True,200,match_id+match_phase+team+source_key
28.214375671111956,0.05820986626713279,0.05252435631343557,0.06343239405239122,0.04281013778160953,0.04049192787896129,0.04507110265024323,0.012842017194947947,1049,13258,True,200,match_id+match_phase+team+source_key
29.96876734045793,0.05021918872426613,0.04508302608148169,0.05540687016811771,0.03780841026435858,0.0358458902527234,0.0397366147604112,0.00979549983573551,905,11709,True,200,match_id+match_phase+team+source_key
31.83224843873006,0.04300538260917818,0.03808345537078495,0.048144137677776776,0.03305208706686945,0.031377630335434795,0.034770659401033084,0.007346949999694294,775,10236,True,200,match_id+match_phase+team+source_key
33.81160223086943,0.03612452139170967,0.03200222382294459,0.04053178716749246,0.02886729761408879,0.027314263902149707,0.030466975376751065,0.005412775001674368,651,8940,True,200,match_id+match_phase+team+source_key
35.91403377046969,0.029854059153210145,0.026523248143897674,0.033895162052807126,0.024721256211796844,0.023331271685562493,0.026167870824924458,0.003912751604821871,538,7656,True,200,match_id+match_phase+team+source_key
38.147196126921635,0.023639087730980522,0.020753725545367932,0.026625648933178217,0.02116612257945772,0.019901948915030207,0.022520147868235914,0.0027719217549237473,426,6555,True,200,match_id+match_phase+team+source_key
40.51921824338132,0.018977859164308306,0.01626733351805476,0.021817128250613105,0.017733691106999513,0.016616248194970037,0.018939660148870312,0.0019220784633989592,342,5492,True,200,match_id+match_phase+team+source_key
43.03873452696799,0.014927029576605072,0.012786022183324995,0.01760146200469226,0.014627389059487945,0.013717997239246365,0.01572266737894676,0.0013027884587714935,269,4530,True,200,match_id+match_phase+team+source_key
45.714916278904255,0.011764053049220353,0.009303973297930368,0.014044302326830401,0.011944086563144793,0.011197838407899098,0.012879282836679433,0.0008619350346311128,212,3699,True,200,match_id+match_phase+team+source_key
48.55750507900577,0.008545585705565729,0.006926804606191984,0.010560597310452934,0.009428692285586049,0.008721909202865611,0.010244874017729522,0.0005558018312669465,154,2920,True,200,match_id+match_phase+team+source_key
51.576848246044335,0.006603407136118972,0.005209981643969997,0.008193680547334393,0.007213595399314805,0.00666201164918578,0.007876764843669592,0.00034875190085896426,119,2234,True,200,match_id+match_phase+team+source_key
54.78393650306455,0.004827701015481938,0.0037522032035870734,0.006059293090362255,0.005353688975856735,0.004897753929224951,0.005902501551365453,0.0002125825412174162,87,1658,True,200,match_id+match_phase+team+source_key
58.190443984758154,0.0031074857111148104,0.0023013543239533032,0.003936149953156056,0.0040394842634479955,0.0036512880698200086,0.004479190733567705,0.00012565229459653054,56,1251,True,200,match_id+match_phase+team+source_key
61.808770732527655,0.0017202153043671272,0.001134576953268273,0.0024106148882021236,0.002899645778238449,0.002604256705729667,0.0032036198416036704,7.188095330091829e-05,31,898,True,200,match_id+match_phase+team+source_key
65.65208783192693,0.0011098163253981466,0.0005501132549314373,0.0017147285798410638,0.001963234558094629,0.001749531139621839,0.0022358151787908115,3.9716857259925045e-05,20,608,True,200,match_id+match_phase+team+source_key
69.73438535678163,0.00044392653015925865,0.00016502356563073779,0.0007999498240084553,0.0013400367460678802,0.001159855001792991,0.0015469822812819824,2.115026118804285e-05,8,415,False,200,match_id+match_phase+team+source_key
74.07052329451258,0.000332944897619444,0.00011002265098628746,0.0005605180862082705,0.0008395410939220453,0.0007073707703515042,0.0009981674147299022,1.0830294270672882e-05,6,260,False,200,match_id+match_phase+team+source_key
78.67628563803446,0.00011098163253981466,0.0,0.00027601602173902683,0.000542472706841937,0.00042270630439273336,0.0006640098608725116,5.31973934565828e-06,2,168,False,200,match_id+match_phase+team+source_key
83.56843784113191,5.549081626990733e-05,0.0,0.00016763031272852086,0.000361648471227958,0.00025966881357092445,0.0004625455260497936,2.5000122827091793e-06,1,112,False,200,match_id+match_phase+team+source_key
88.76478784645397,0.0,0.0,0.0,0.00017436622719919405,0.00012148771830519105,0.00023123332269896636,1.12099030947913e-06,0,54,False,200,match_id+match_phase+team+source_key
94.28425090827622,0.0,0.0,0.0,6.458008414784964e-05,3.661088415366881e-05,0.00010205981234479875,4.781911192470476e-07,0,20,False,200,match_id+match_phase+team+source_key
100.146918445994,0.0,0.0,0.0,4.197705469610227e-05,1.6434473787514272e-05,7.335846650298519e-05,1.934613645671228e-07,0,13,False,200,match_id+match_phase+team+source_key
106.3741311789774,0.0,0.0,0.0,2.2603029451747377e-05,6.665637060565979e-06,4.1416407926576576e-05,7.398599046670966e-08,0,7,False,200,match_id+match_phase+team+source_key
112.98855680900785,0.0,0.0,0.0,1.614502103696241e-05,6.159705846064268e-06,3.222361514279907e-05,2.665309826157996e-08,0,5,False,200,match_id+match_phase+team+source_key
120.01427253307057,0.0,0.0,0.0,1.614502103696241e-05,6.159705846064268e-06,3.222361514279907e-05,9.011038449111666e-09,0,5,False,200,match_id+match_phase+team+source_key
127.47685268685434,0.0,0.0,0.0,1.2916016829569928e-05,3.0372507118069634e-06,3.163678013619473e-05,2.847846186385344e-09,0,4,False,200,match_id+match_phase+team+source_key
135.40346183799147,0.0,0.0,0.0,9.687012622177447e-06,3.0372507118069634e-06,2.219622959707806e-05,8.378220136359568e-10,0,3,False,200,match_id+match_phase+team+source_key
143.82295366790984,0.0,0.0,0.0,3.229004207392482e-06,0.0,9.72041332464628e-06,2.2842642032426608e-10,0,1,False,200,match_id+match_phase+team+source_key
