track_type,k,tau_s,msd_m2,ci_low,ci_high,n_bootstrap,bootstrap_unit
centroid,1,1.0,2.5620830310198106,2.445965427839316,2.7006384457896786,200,match_id+match_phase+team+source_key
centroid,2,2.0,9.790028828828119,9.327277168553522,10.345815657838921,200,match_id+match_phase+team+source_key
centroid,3,3.0,20.930341480554144,19.91308145615566,22.1411559604519,200,match_id+match_phase+team+source_key
centroid,4,4.0,35.13901758391661,33.41738540030412,37.20305600819428,200,match_id+match_phase+team+source_key
centroid,5,5.0,51.633929229543455,49.10043489407051,54.695802250320796,200,match_id+match_phase+team+source_key
centroid,6,6.0,69.74358330577314,66.32827416850257,73.92219460209373,200,match_id+match_phase+team+source_key
centroid,7,7.0,88.9201811387363,84.5830965321418,94.28200380382336,200,match_id+match_phase+team+source_key
centroid,8,8.0,108.73584018349332,103.45957039451947,115.28521085084834,200,match_id+match_phase+team+source_key
centroid,9,9.0,128.86316593214994,122.52445219003548,136.63433426257416,200,match_id+match_phase+team+source_key
centroid,10,10.0,149.06496668591876,141.57057488665933,158.0604760926424,200,match_id+match_phase+team+source_key
centroid,11,11.0,169.1696403425875,160.51214601830824,179.37485156939678,200,match_id+match_phase+team+source_key
centroid,12,12.0,189.05848323573733,179.25205627550102,200.48721251626023,200,match_id+match_phase+team+source_key
centroid,13,13.0,208.65202996749574,197.72831850984034,221.51374142440628,200,match_id+match_phase+team+source_key
centroid,14,14.0,227.8985122536719,215.90445142192735,242.2808661942296,200,match_id+match_phase+team+source_key
centroid,15,15.0,246.76360135536248,233.7601825224438,262.6803164505807,200,match_id+match_phase+team+source_key
centroid,16,16.0,265.2230378640549,251.28350559088867,282.6788595703009,200,match_id+match_phase+team+source_key
centroid,17,17.0,283.2631464746896,268.1216590585702,302.25711529349144,200,match_id+match_phase+team+source_key
centroid,18,18.0,300.87262400005517,284.4189013136748,321.40525955052976,200,match_id+match_phase+team+source_key
centroid,19,19.0,318.0464981321847,300.2911142218483,340.0401795157919,200,match_id+match_phase+team+source_key
centroid,20,20.0,334.77518276005316,315.74131855972973,357.84449126355065,200,match_id+match_phase+team+source_key
centroid,21,21.0,351.0504456796762,330.77421154842216,375.1343994194835,200,match_id+match_phase+team+source_key
centroid,22,22.0,366.86792703574287,345.19242661550066,391.89958693835433,200,match_id+match_phase+team+source_key
centroid,23,23.0,382.2255937117347,359.0309820454328,408.1356144751736,200,match_id+match_phase+team+source_key
centroid,24,24.0,397.1217393463771,372.3802082204762,423.8432719131266,200,match_id+match_phase+team+source_key
centroid,25,25.0,411.5551290094909,385.8639215211652,439.0305055980541,200,match_id+match_phase+team+source_key
centroid,26,26.0,425.5265120958661,398.98068369420025,453.70275220079174,200,match_id+match_phase+team+source_key
centroid,27,27.0,439.0366331728715,411.6916550763971,467.86457997327204,200,match_id+match_phase+team+source_key
centroid,28,28.0,452.0893911068254,423.99876853730126,481.5106428807339,200,match_id+match_phase+team+source_key
centroid,29,29.0,464.69457089498775,435.90860751380916,494.65826800387885,200,match_id+match_phase+team+source_key
centroid,30,30.0,476.86688240464724,447.45162949547984,507.3197142891943,200,match_id+match_phase+team+source_key
centroid,31,31.0,488.6256706263942,458.6210519518696,519.6737728449278,200,match_id+match_phase+team+source_key
centroid,32,32.0,499.99197564474235,469.2332126936408,531.7440626042235,200,match_id+match_phase+team+source_key
centroid,33,33.0,510.9940095212947,479.41499214806805,543.3972812748584,200,match_id+match_phase+team+source_key
centroid,34,34.0,521.6631317403828,489.32917578875987,554.6674042350605,200,match_id+match_phase+team+source_key
centroid,35,35.0,532.0190011233095,498.99575108189003,565.5825620781451,200,match_id+match_phase+team+source_key
centroid,36,36.0,542.0744905312985,508.4191426201431,576.1646397186494,200,match_id+match_phase+team+source_key
centroid,37,37.0,551.8403136598625,517.6019119061796,586.8456737908626,200,match_id+match_phase+team+source_key
centroid,38,38.0,561.3249792923773,526.5455733440664,597.3980565541684,200,match_id+match_phase+team+source_key
centroid,39,39.0,570.5353480984413,535.2481008740567,607.7140958923501,200,match_id+match_phase+team+source_key
centroid,40,40.0,579.4721242541543,543.441343532755,617.7935820318145,200,match_id+match_phase+team+source_key
centroid,41,41.0,588.1313983725499,551.2069258778724,627.6287519204916,200,match_id+match_phase+team+source_key
centroid,42,42.0,596.5096942549694,558.7160275694341,637.204981165456,200,match_id+match_phase+team+source_key
centroid,43,43.0,604.6061164685794,565.9763079975802,646.4978999811051,200,match_id+match_phase+team+source_key
centroid,44,44.0,612.4168453057412,573.0991812626563,655.4860614844317,200,match_id+match_phase+team+source_key
centroid,45,45.0,619.9452496389339,580.354144694174,664.1603004870813,200,match_id+match_phase+team+source_key
centroid,46,46.0,627.1834304207184,587.345755701145,672.5004506736,200,match_id+match_phase+team+source_key
centroid,47,47.0,634.1313796724118,594.0808704554471,680.4964033157631,200,match_id+match_phase+team+source_key
centroid,48,48.0,640.7903190604724,600.566316247949,687.5754490546473,200,match_id+match_phase+team+source_key
centroid,49,49.0,647.1666215678284,606.8118345375058,693.8895858450381,200,match_id+match_phase+team+source_key
centroid,50,50.0,653.2661566358344,612.5633428312249,699.8729152977567,200,match_id+match_phase+team+source_key
centroid,51,51.0,659.0930864368324,617.822371337457,705.5374219209933,200,match_id+match_phase+team+source_key
centroid,52,52.0,664.6528730597593,622.8062517510908,710.9036136505603,200,match_id+match_phase+team+source_key
centroid,53,53.0,669.9587763096403,627.4107133905727,716.0004123524018,200,match_id+match_phase+team+source_key
centroid,54,54.0,675.02614492012,631.3346978758882,720.8591869753926,200,match_id+match_phase+team+source_key
centroid,55,55.0,679.8731354560845,635.0664355724574,725.610933569478,200,match_id+match_phase+team+source_key
centroid,56,56.0,684.5161062925554,638.6335943291394,730.4879605336778,200,match_id+match_phase+team+source_key
centroid,57,57.0,688.9669935931772,642.0564977966086,735.1266285948806,200,match_id+match_phase+team+source_key
centroid,58,58.0,693.2317239781119,645.6352254951987,739.5321740897675,200,match_id+match_phase+team+source_key
centroid,59,59.0,697.3163338080656,649.1975591569573,743.7169524371549,200,match_id+match_phase+team+source_key
centroid,60,60.0,701.2312180357061,652.5936574490919,747.6851407391507,200,match_id+match_phase+team+source_key
centroid,61,61.0,704.9826966553193,655.8226172440174,751.7553551382946,200,match_id+match_phase+team+source_key
centroid,62,62.0,708.5748556958372,658.8851148374621,756.6257003263293,200,match_id+match_phase+team+source_key
centroid,63,63.0,712.0112917598767,661.7800595694656,761.3277526826312,200,match_id+match_phase+team+source_key
centroid,64,64.0,715.2945356377193,664.5017133159587,765.8636695024745,200,match_id+match_phase+team+source_key
centroid,65,65.0,718.4327706475599,667.0647121885764,770.2428803383361,200,match_id+match_phase+team+source_key
centroid,66,66.0,721.4328715838936,669.4700989792912,774.4695073712145,200,match_id+match_phase+team+source_key
centroid,67,67.0,724.304725851343,671.7301930481622,777.1491808844474,200,match_id+match_phase+team+source_key
centroid,68,68.0,727.0588517732517,673.8600820868734,779.5700031696176,200,match_id+match_phase+team+source_key
centroid,69,69.0,729.7098506754916,675.8861248438135,781.8549104420683,200,match_id+match_phase+team+source_key
centroid,70,70.0,732.2764870459092,677.8373679420666,784.0349765868956,200,match_id+match_phase+team+source_key
centroid,71,71.0,734.7772619855439,679.7339876246032,786.1402374511091,200,match_id+match_phase+team+source_key
centroid,72,72.0,737.2287876543583,681.6007345001964,788.5494095235889,200,match_id+match_phase+team+source_key
centroid,73,73.0,739.6415212943248,683.4537059003319,791.2167223043388,200,match_id+match_phase+team+source_key
centroid,74,74.0,742.0227372627608,685.3012459732303,793.8459275950623,200,match_id+match_phase+team+source_key
centroid,75,75.0,744.3753517544649,687.1267410407356,796.4459298307199,200,match_id+match_phase+team+source_key
centroid,76,76.0,746.7023318072233,688.9406051244544,799.0245430044697,200,match_id+match_phase+team+source_key
centroid,77,77.0,749.0015946662761,690.7415657857866,801.5797478016899,200,match_id+match_phase+team+source_key
centroid,78,78.0,751.2704910840488,692.5219833331337,804.1067754644532,200,match_id+match_phase+team+source_key
centroid,79,79.0,753.5014499288773,694.2653674465475,806.5920236170566,200,match_id+match_phase+team+source_key
centroid,80,80.0,755.6936452271304,695.9690756945266,809.0197264436832,200,match_id+match_phase+team+source_key
centroid,81,81.0,757.8371806382982,697.623969654504,811.375484802649,200,match_id+match_phase+team+source_key
centroid,82,82.0,759.9285215973817,699.227328387417,813.652418098678,200,match_id+match_phase+team+source_key
centroid,83,83.0,761.9636936610121,700.7750469046182,815.845049193387,200,match_id+match_phase+team+source_key
centroid,84,84.0,763.9455058930445,702.2701995222544,818.0302964940289,200,match_id+match_phase+team+source_key
centroid,85,85.0,765.8754686450499,703.7125958158533,820.9242872422557,200,match_id+match_phase+team+source_key
centroid,86,86.0,767.7579620192087,705.1153783813897,823.790388912716,200,match_id+match_phase+team+source_key
centroid,87,87.0,769.5915982714752,706.4786141858705,826.6283720886246,200,match_id+match_phase+team+source_key
centroid,88,88.0,771.3775082644296,707.8088989652607,829.4349665675259,200,match_id+match_phase+team+source_key
centroid,89,89.0,773.1177668233964,709.1113008869897,832.2062394844177,200,match_id+match_phase+team+source_key
centroid,90,90.0,774.8115978337596,710.3771512846745,834.5220200123749,200,match_id+match_phase+team+source_key
centroid,91,91.0,776.4546530545065,711.837026201299,836.1666665947962,200,match_id+match_phase+team+source_key
centroid,92,92.0,778.0396618362977,713.5165926190946,837.75263309158,200,match_id+match_phase+team+source_key
centroid,93,93.0,779.5703542728181,715.1424994516229,839.259153025584,200,match_id+match_phase+team+source_key
centroid,94,94.0,781.0472922198265,716.6967547433406,840.7188992508384,200,match_id+match_phase+team+source_key
centroid,95,95.0,782.4697525651487,718.1755394569806,842.1362089891836,200,match_id+match_phase+team+source_key
centroid,96,96.0,783.8356239514308,719.5855451656819,843.5164472010354,200,match_id+match_phase+team+source_key
centroid,97,97.0,785.1407157500474,720.9321805657393,844.8569836669922,200,match_id+match_phase+team+source_key
centroid,98,98.0,786.3824942638109,721.6815954654674,846.1261271403076,200,match_id+match_phase+team+source_key
centroid,99,99.0,787.559691748331,722.083962339197,847.2978741975717,200,match_id+match_phase+team+source_key
centroid,100,100.0,788.671733176107,723.1622728412599,847.9511945418919,200,match_id+match_phase+team+source_key
centroid,101,101.0,789.7247374776027,724.1834261555392,848.5210589913669,200,match_id+match_phase+team+source_key
centroid,102,102.0,790.7287060437101,725.1642861565749,849.0244489986065,200,match_id+match_phase+team+source_key
centroid,103,103.0,791.69134493545,726.1255434320601,849.4758591196643,200,match_id+match_phase+team+source_key
centroid,104,104.0,792.6231768142085,727.0871193792266,850.936699679752,200,match_id+match_phase+team+source_key
centroid,105,105.0,793.5280580816517,728.0460541492722,852.5420244765521,200,match_id+match_phase+team+source_key
centroid,106,106.0,794.4108822978391,729.0135961169128,854.1391290270943,200,match_id+match_phase+team+source_key
centroid,107,107.0,795.276312615729,729.9950488232098,855.7343518184515,200,match_id+match_phase+team+source_key
centroid,108,108.0,796.1247328398983,730.9901338871958,857.3268578218193,200,match_id+match_phase+team+source_key
centroid,109,109.0,796.9544364739457,731.9914021587359,858.5769995795837,200,match_id+match_phase+team+source_key
centroid,110,110.0,797.7587487072788,732.9769761852849,859.5571111554422,200,match_id+match_phase+team+source_key
centroid,111,111.0,798.5334015674409,733.9456380636965,860.5051895162882,200,match_id+match_phase+team+source_key
centroid,112,112.0,799.270855415379,734.8819001863451,861.4100814349208,200,match_id+match_phase+team+source_key
centroid,113,113.0,799.9704810152047,735.7731822145079,862.2492415077785,200,match_id+match_phase+team+source_key
centroid,114,114.0,800.6384613380866,736.4752909725984,863.0392053883872,200,match_id+match_phase+team+source_key
centroid,115,115.0,801.2809290421806,737.0358592307763,863.7895233344999,200,match_id+match_phase+team+source_key
centroid,116,116.0,801.9047790811416,737.5677441711767,864.4985670531945,200,match_id+match_phase+team+source_key
centroid,117,117.0,802.5251852503819,738.1006274256151,865.2048881582963,200,match_id+match_phase+team+source_key
centroid,118,118.0,803.1604934312804,738.6459391812651,865.9376802598747,200,match_id+match_phase+team+source_key
centroid,119,119.0,803.8173722861129,739.2105762465443,866.7052072985606,200,match_id+match_phase+team+source_key
centroid,120,120.0,804.507144181442,739.7959480222047,867.5232722692599,200,match_id+match_phase+team+source_key
player_abs,1,1.000021516371517,4.284379743572315,4.152630042021929,4.414134428384507,200,match_id+match_phase+team+source_key
player_abs,2,2.000042100724481,15.917719499368788,15.536674447231613,16.414872446075428,200,match_id+match_phase+team+source_key
player_abs,3,3.0000571200181545,33.09753839715993,32.319331099930956,34.17757082571854,200,match_id+match_phase+team+source_key
player_abs,4,4.000072266525328,54.21438253541386,52.91200571011853,56.09892474171853,200,match_id+match_phase+team+source_key
player_abs,5,5.000076866058656,78.00194797753733,76.07196478306246,80.81329016028435,200,match_id+match_phase+team+source_key
player_abs,6,6.000081483695654,103.49826837325018,100.87744385704623,107.14213699207241,200,match_id+match_phase+team+source_key
player_abs,7,7.000086119573601,129.98516414479886,126.62728494977435,134.49598946120324,200,match_id+match_phase+team+source_key
player_abs,8,8.000090773831522,156.93276625321582,152.80197985146427,162.45795537277505,200,match_id+match_phase+team+source_key
player_abs,9,9.000095446610219,183.96267039804886,179.03001612483644,190.52659770726595,200,match_id+match_phase+team+source_key
player_abs,10,10.000100138052309,210.8097582826429,205.04002942477715,218.42821525836587,200,match_id+match_phase+team+source_key
player_abs,11,11.00010484830227,237.29025729453082,230.63988056765785,245.90937142095368,200,match_id+match_phase+team+source_key
player_abs,12,12.000109577506462,263.28583736748186,255.7025267841693,273.0342587532768,200,match_id+match_phase+team+source_key
player_abs,13,13.000114325813188,288.7244811715254,280.1505387298336,299.5474580467564,200,match_id+match_phase+team+source_key
player_abs,14,14.00011909337271,313.5655566956677,304.0500590766242,325.44923411425793,200,match_id+match_phase+team+source_key
player_abs,15,15.000123880337316,337.7879558917262,327.52831100114275,350.70990961144486,200,match_id+match_phase+team+source_key
player_abs,16,16.00012868686135,361.38099947091916,350.4425888083139,375.5525310137968,200,match_id+match_phase+team+source_key
player_abs,17,17.000132374583487,384.3428703280452,372.6063866499857,399.83270653500284,200,match_id+match_phase+team+source_key
player_abs,18,18.000136077139604,406.6804152592744,393.767807207081,423.47917465553473,200,match_id+match_phase+team+source_key
player_abs,19,19.000139794656953,428.3930510433941,414.2830841219583,446.48877566719574,200,match_id+match_phase+team+source_key
player_abs,20,20.000143527264708,449.4892226776129,434.1650136018591,468.86415273455077,200,match_id+match_phase+team+source_key
player_abs,21,21.000146126427946,469.97551623369344,453.42806158002327,490.6127445445558,200,match_id+match_phase+team+source_key
player_abs,22,22.00014873581516,489.8546216575476,472.08722123850566,511.74179972802204,200,match_id+match_phase+team+source_key
player_abs,23,23.000151355527212,509.131785489466,490.16508103916095,532.2576045914572,200,match_id+match_phase+team+source_key
player_abs,24,24.000153985666806,527.816751400339,507.6979449212684,552.168576388665,200,match_id+match_phase+team+source_key
player_abs,25,25.000156626338516,545.916089950069,524.705340096637,571.4777204589767,200,match_id+match_phase+team+source_key
player_abs,26,26.000159277648866,563.4276918560968,541.2011362180587,590.177541510533,200,match_id+match_phase+team+source_key
player_abs,27,27.000161939706377,580.3613215440769,557.1948126163342,608.2778775571928,200,match_id+match_phase+team+source_key
player_abs,28,28.000164612621607,596.7238195338325,572.6906866947568,625.7841234004661,200,match_id+match_phase+team+source_key
player_abs,29,29.000167296507225,612.5263239280591,587.6968080231103,642.3884427829965,200,match_id+match_phase+team+source_key
player_abs,30,30.00016295442801,627.7878011016485,602.2275211130338,658.184220171933,200,match_id+match_phase+team+source_key
player_abs,31,31.000158854356638,642.5318315267788,616.2979083780689,673.38597812547,200,match_id+match_phase+team+source_key
player_abs,32,32.00015433000619,656.7831556567554,629.925797803152,688.0402251860977,200,match_id+match_phase+team+source_key
player_abs,33,33.00014969107936,670.5711857203576,643.1834543017643,702.1955989948115,200,match_id+match_phase+team+source_key
player_abs,34,34.00015220993517,683.9337161899376,656.1235893397243,715.9038612058196,200,match_id+match_phase+team+source_key
player_abs,35,35.00015473745016,696.888238008851,668.5666137490522,729.1868022822722,200,match_id+match_phase+team+source_key
player_abs,36,36.000157273690974,709.4528646042424,681.0023004598977,742.061393773004,200,match_id+match_phase+team+source_key
player_abs,37,37.00015981872521,721.6389348402774,693.0821879418378,754.5388383363663,200,match_id+match_phase+team+source_key
player_abs,38,38.000160964226176,733.4554321792176,704.4614772230494,766.629905177282,200,match_id+match_phase+team+source_key
player_abs,39,39.00016211288637,744.9077098447599,715.4128805714706,778.3360857736598,200,match_id+match_phase+team+source_key
player_abs,40,40.000163264740614,755.9961740964046,726.0571331284426,789.6549073587577,200,match_id+match_phase+team+source_key
player_abs,41,41.00016476023812,766.7214839166448,736.5043480269236,800.583410856753,200,match_id+match_phase+team+source_key
player_abs,42,42.00016592098591,777.0817475756476,746.7636779758728,811.1147651235198,200,match_id+match_phase+team+source_key
player_abs,43,43.00016708504323,787.077967605668,756.74717197534,821.2506997584367,200,match_id+match_phase+team+source_key
player_abs,44,44.00016825244783,796.7127584032272,766.4530992958407,830.994987997038,200,match_id+match_phase+team+source_key
player_abs,45,45.00016942323821,805.9896637899126,775.804599021578,840.3501492199795,200,match_id+match_phase+team+source_key
player_abs,46,46.00017059745366,814.912444650267,784.476746096338,849.3091345493112,200,match_id+match_phase+team+source_key
player_abs,47,47.00017177513428,823.4845133504298,792.8303183821876,857.8722261069477,200,match_id+match_phase+team+source_key
player_abs,48,48.00017295632096,831.707770142809,800.8713973346969,866.0395493092143,200,match_id+match_phase+team+source_key
player_abs,49,49.000174141055496,839.5909922956483,808.3693151707007,873.805094401171,200,match_id+match_phase+team+source_key
player_abs,50,50.00017532938048,847.1415902622908,815.9836289184778,881.1687694056538,200,match_id+match_phase+team+source_key
player_abs,51,51.00017652133947,854.3657966959803,823.1594495720732,888.2091522353614,200,match_id+match_phase+team+source_key
player_abs,52,52.00017771697689,861.2679816975362,829.9858707507,895.769789383692,200,match_id+match_phase+team+source_key
player_abs,53,53.00017891633815,867.8567540542034,836.4906412035045,901.8663597971874,200,match_id+match_phase+team+source_key
player_abs,54,54.00018011946958,874.1467394306279,842.6740254031354,907.7027585370209,200,match_id+match_phase+team+source_key
player_abs,55,55.00018132641858,880.1574306133912,848.5451059876981,914.3975741632731,200,match_id+match_phase+team+source_key
player_abs,56,56.00018253723351,885.9121386916623,854.0973861722456,920.7759829875959,200,match_id+match_phase+team+source_key
player_abs,57,57.00018375196383,891.4297033150019,859.3648132566018,926.8581218044822,200,match_id+match_phase+team+source_key
player_abs,58,58.00018497066008,896.7216155924312,864.368597019929,932.6619519977462,200,match_id+match_phase+team+source_key
player_abs,59,59.00018615453998,901.7965766389198,869.1180601983772,938.2006029479812,200,match_id+match_phase+team+source_key
player_abs,60,60.000187342213025,906.6661665198001,873.6255634670616,943.4874954325883,200,match_id+match_phase+team+source_key
player_abs,61,61.00018853373093,911.336431103081,877.9011470108125,948.5240494714988,200,match_id+match_phase+team+source_key
player_abs,62,62.000189729146626,915.8081845656976,881.9456331278717,953.3059471528557,200,match_id+match_phase+team+source_key
player_abs,63,63.0001909285143,920.0862105545201,885.7648592513461,957.8323770824236,200,match_id+match_phase+team+source_key
player_abs,64,64.00019213188939,924.1771322260847,889.3653399259238,962.1054918665624,200,match_id+match_phase+team+source_key
player_abs,65,65.00019333932869,928.087333506492,892.7537408087646,966.129023865101,200,match_id+match_phase+team+source_key
player_abs,66,66.00019455089028,931.830509009164,895.7693126664002,969.9121495285912,200,match_id+match_phase+team+source_key
player_abs,67,67.00019576663371,935.4192807590008,898.237299795122,974.5584906059917,200,match_id+match_phase+team+source_key
player_abs,68,68.00019698661993,938.8685440123757,901.1342024378416,979.205161170195,200,match_id+match_phase+team+source_key
player_abs,69,69.00019821091135,942.1994576408521,904.4135245448106,983.7075155707905,200,match_id+match_phase+team+source_key
player_abs,70,70.00019943957199,945.4319687044224,906.9387050716558,988.0894180166414,200,match_id+match_phase+team+source_key
player_abs,71,71.00020067266738,948.588771019816,909.3603110629798,992.362740729608,200,match_id+match_phase+team+source_key
player_abs,72,72.00020191026474,951.6856324809138,911.7193256493113,996.1083331365077,200,match_id+match_phase+team+source_key
player_abs,73,73.00020315243293,954.7354594633539,914.0211832344007,998.829073952504,200,match_id+match_phase+team+source_key
player_abs,74,74.00020439924256,957.7450480198171,917.1624467943434,1001.599122940944,200,match_id+match_phase+team+source_key
player_abs,75,75.00020565076606,960.7176691897675,920.6629870202079,1005.4867719530855,200,match_id+match_phase+team+source_key
player_abs,76,76.00020690707773,963.6549842977032,923.5912228925923,1009.3414384209385,200,match_id+match_phase+team+source_key
player_abs,77,77.00020816825372,966.5554907945624,925.9980301332481,1013.1446006439279,200,match_id+match_phase+team+source_key
player_abs,78,78.00020943437225,969.4176545519953,928.427932993268,1016.8956570939606,200,match_id+match_phase+team+source_key
player_abs,79,79.00021070551355,972.2398292304107,930.8809734235067,1020.1379355351602,200,match_id+match_phase+team+source_key
player_abs,80,80.00021198175995,975.0213574097943,933.365206565046,1023.6431535939497,200,match_id+match_phase+team+source_key
player_abs,81,81.00021370565075,977.7565523126727,935.8481918302145,1027.2299003381077,200,match_id+match_phase+team+source_key
player_abs,82,82.00021499503279,980.4371587418545,938.3205186723563,1030.727963450401,200,match_id+match_phase+team+source_key
player_abs,83,83.0002162897916,983.0596691367292,940.7798295388311,1034.1293743494714,200,match_id+match_phase+team+source_key
player_abs,84,84.00021759001895,985.624674526798,942.9688596682787,1037.4300861493841,200,match_id+match_phase+team+source_key
player_abs,85,85.00021889580913,988.1294099815067,945.5854011774308,1040.6167181723897,200,match_id+match_phase+team+source_key
player_abs,86,86.00022020725908,990.5850691890253,948.1077306882818,1043.6975349685488,200,match_id+match_phase+team+source_key
player_abs,87,87.00022152446839,992.985548566844,950.5641294463288,1046.660483164246,200,match_id+match_phase+team+source_key
player_abs,88,88.00022284753949,995.3320430021806,953.027699210879,1049.5044860888324,200,match_id+match_phase+team+source_key
player_abs,89,89.00022417657769,997.621269084077,955.41330194353,1052.2702402499808,200,match_id+match_phase+team+source_key
player_abs,90,90.00022551169134,999.8523189874738,956.3220993774171,1054.860751744933,200,match_id+match_phase+team+source_key
player_abs,91,91.00022685299184,1002.0243419528855,957.202662664735,1057.353422096549,200,match_id+match_phase+team+source_key
player_abs,92,92.0002282005939,1004.1383231720164,958.060200996398,1059.7398889235994,200,match_id+match_phase+team+source_key
player_abs,93,93.00022955461556,1006.1964628254789,958.8923263153108,1061.968170976585,200,match_id+match_phase+team+source_key
player_abs,94,94.0002309151783,1008.1991019086794,959.6916968294806,1063.971347223333,200,match_id+match_phase+team+source_key
player_abs,95,95.0002322824073,1010.1454622233936,960.8611552655055,1065.9295990017074,200,match_id+match_phase+team+source_key
player_abs,96,96.00023365643142,1012.0392421423096,962.1900227254666,1067.8533324762582,200,match_id+match_phase+team+source_key
player_abs,97,97.00023503738343,1013.8790096236617,963.8231313907826,1070.1209586090392,200,match_id+match_phase+team+source_key
player_abs,98,98.00023642540019,1015.6669394917765,965.7640016941477,1071.979234980653,200,match_id+match_phase+team+source_key
player_abs,99,99.0002378206227,1017.4032015042919,967.6917497254741,1073.6954371026561,200,match_id+match_phase+team+source_key
player_abs,100,100.0002392231964,1019.0961896832579,969.6048780295546,1075.3243824631234,200,match_id+match_phase+team+source_key
player_abs,101,101.00024063327125,1020.7541044806078,971.5063089358739,1077.15123795584,200,match_id+match_phase+team+source_key
player_abs,102,102.00024205100192,1022.3799270493444,973.3067655894573,1078.9597128712344,200,match_id+match_phase+team+source_key
player_abs,103,103.00024347654802,1023.9815336966404,974.0461978415074,1080.7510851825182,200,match_id+match_phase+team+source_key
player_abs,104,104.00024491007429,1025.5618039490778,974.7884785056962,1082.5186410091173,200,match_id+match_phase+team+source_key
player_abs,105,105.00024635175082,1027.1116723710688,975.5374933232679,1084.2656664179467,200,match_id+match_phase+team+source_key
player_abs,106,106.00024621922931,1028.6567690596805,976.6876357217336,1086.0038974522572,200,match_id+match_phase+team+source_key
player_abs,107,107.00024609037928,1030.1956783164421,978.7233046155853,1087.729825428016,200,match_id+match_phase+team+source_key
player_abs,108,108.0002459653659,1031.7279035640604,980.7981033614857,1089.4336354956731,200,match_id+match_phase+team+source_key
player_abs,109,109.00024584436062,1033.2551620195873,982.8910454448176,1091.1144663177822,200,match_id+match_phase+team+source_key
player_abs,110,110.00024623840932,1034.7311301864302,984.9307102320847,1092.7134417938184,200,match_id+match_phase+team+source_key
player_abs,111,111.00024612572658,1036.1796334478477,986.8098904902082,1094.2642028861974,200,match_id+match_phase+team+source_key
player_abs,112,112.00024601761525,1037.592661910893,988.0309679975834,1096.1664691991252,200,match_id+match_phase+team+source_key
player_abs,113,113.00024591427463,1038.963479634607,989.272323516189,1097.9957522078496,200,match_id+match_phase+team+source_key
player_abs,114,114.0002458159116,1040.2937692056428,990.5378346362328,1099.462115216519,200,match_id+match_phase+team+source_key
player_abs,115,115.0002457227411,1041.5918313950215,991.8200432695858,1100.6210364076207,200,match_id+match_phase+team+source_key
player_abs,116,116.00024563498644,1042.8691436975093,993.117380100825,1101.737155222452,200,match_id+match_phase+team+source_key
player_abs,117,117.00024555287972,1044.1430565457586,994.4312999337322,1102.8390519009024,200,match_id+match_phase+team+source_key
player_abs,118,118.00024650161694,1045.4263801583388,995.7668174943823,1103.9517751997041,200,match_id+match_phase+team+source_key
player_abs,119,119.0002464312469,1046.7305088251494,997.5378437709584,1105.227819500532,200,match_id+match_phase+team+source_key
player_abs,120,120.0002463673046,1048.0613684119583,999.4997204282915,1106.645864962492,200,match_id+match_phase+team+source_key
player_rel,1,1.0005053834765565,1.8877086397315952,1.759832947582979,2.0348417195117263,200,match_id+match_phase+team+source_key
player_rel,2,2.0010149958391383,6.57029304785855,6.2362642888315465,6.955717845529882,200,match_id+match_phase+team+source_key
player_rel,3,3.001524288013105,12.985143922594336,12.335172268324488,13.776906992696878,200,match_id+match_phase+team+source_key
player_rel,4,4.002039056598496,20.342343876307485,19.29623625545277,21.549464167493145,200,match_id+match_phase+team+source_key
player_rel,5,5.002548725113099,28.13482330647291,26.591533642071568,29.793119761667622,200,match_id+match_phase+team+source_key
player_rel,6,6.003063958806032,36.052254447430684,33.940069971668954,38.26972467789154,200,match_id+match_phase+team+source_key
player_rel,7,7.003584860531746,43.91254618071709,41.18509447637216,46.73056342569178,200,match_id+match_phase+team+source_key
player_rel,8,8.004111535774218,51.60701068340095,48.285858896383246,55.05695345516609,200,match_id+match_phase+team+source_key
player_rel,9,9.004644092732393,59.070587924368674,55.146643786897705,63.166382725834424,200,match_id+match_phase+team+source_key
player_rel,10,10.005182642409011,66.27266052643473,61.7478151996922,71.02520762885241,200,match_id+match_phase+team+source_key
player_rel,11,11.005727298702938,73.19617808943019,68.0829026944394,78.60994697878064,200,match_id+match_phase+team+source_key
player_rel,12,12.006278178505193,79.83853870301172,74.15234301051177,85.95346954445544,200,match_id+match_phase+team+source_key
player_rel,13,13.00683540179884,86.20529198237568,79.96196552010606,93.01528212449072,200,match_id+match_phase+team+source_key
player_rel,14,14.007399091762911,92.3087718071874,85.52375380042314,99.79445510236975,200,match_id+match_phase+team+source_key
player_rel,15,15.007969374880576,98.16223752631016,90.85133023507596,106.30056470840317,200,match_id+match_phase+team+source_key
player_rel,16,16.008546381051737,103.77598895886003,95.95107339899164,112.54241117292652,200,match_id+match_phase+team+source_key
player_rel,17,17.00912910519252,109.16356637356081,100.83165799691868,118.53799340281736,200,match_id+match_phase+team+source_key
player_rel,18,18.00971881787024,114.33859369092717,105.50683336556908,124.34627035052812,200,match_id+match_phase+team+source_key
player_rel,19,19.010315659924725,119.30933642300826,109.98844895747088,129.96270496399603,200,match_id+match_phase+team+source_key
player_rel,20,20.010919776111514,124.08967771498487,114.29174156801515,135.3791475282839,200,match_id+match_phase+team+source_key
player_rel,21,21.01153016657397,128.69226585643796,118.42509638480486,140.6091418958657,200,match_id+match_phase+team+source_key
player_rel,22,22.012148127854946,133.12462962260346,122.39229840729233,145.6606878508806,200,match_id+match_phase+team+source_key
player_rel,23,23.01277381727607,137.39524932013018,126.19797022574907,150.54534503182498,200,match_id+match_phase+team+source_key
player_rel,24,24.013407396664043,141.5158200690091,129.84817824898113,155.2327151817962,200,match_id+match_phase+team+source_key
player_rel,25,25.014049032514468,145.4906263843881,133.35157331755667,159.7649940219991,200,match_id+match_phase+team+source_key
player_rel,26,26.01469889616277,149.32300781792708,136.71422679518952,164.14733975334366,200,match_id+match_phase+team+source_key
player_rel,27,27.015357163962843,153.01983299842112,139.9402066675125,168.39369538605612,200,match_id+match_phase+team+source_key
player_rel,28,28.016024017473573,156.58138627619155,143.0343031322382,172.49867847063928,200,match_id+match_phase+team+source_key
player_rel,29,29.01669964365385,160.01011723295673,146.00544530434112,176.46184336328417,200,match_id+match_phase+team+source_key
player_rel,30,30.0173771980163,163.31176378900088,148.86394368690327,180.28307004013348,200,match_id+match_phase+team+source_key
player_rel,31,31.01810114120208,166.49455681985415,151.6205753156635,183.97025505732583,200,match_id+match_phase+team+source_key
player_rel,32,32.01879846953174,169.56073909774605,154.27387716211254,187.52614294498892,200,match_id+match_phase+team+source_key
player_rel,33,33.019505270333255,172.51557087697597,156.82851815098402,190.9251658823863,200,match_id+match_phase+team+source_key
player_rel,34,34.02022903350058,175.36881464143826,159.2864146008738,194.2579429296224,200,match_id+match_phase+team+source_key
player_rel,35,35.02096283423002,178.1190931317978,161.65100612612076,197.39641066780766,200,match_id+match_phase+team+source_key
player_rel,36,36.02170690396142,180.7712971280046,164.07110953384768,200.42905017050523,200,match_id+match_phase+team+source_key
player_rel,37,37.02246148147022,183.3288062738696,166.3990222080284,203.3645171047138,200,match_id+match_phase+team+source_key
player_rel,38,38.02322540476723,185.7909531641719,168.63732734090667,206.3057510710941,200,match_id+match_phase+team+source_key
player_rel,39,39.02400033082136,188.1617466938808,170.7902795005297,209.15132453346155,200,match_id+match_phase+team+source_key
player_rel,40,40.02478652220738,190.44331687267137,172.86170685433058,211.8032979543789,200,match_id+match_phase+team+source_key
player_rel,41,41.02563721956675,192.63890900106358,174.7626944174061,214.36659493456187,200,match_id+match_phase+team+source_key
player_rel,42,42.026448440193285,194.7488596687588,176.57787609229635,216.84352718796617,200,match_id+match_phase+team+source_key
player_rel,43,43.02727179201776,196.7734562820309,178.33082369021832,219.2327698866686,200,match_id+match_phase+team+source_key
player_rel,44,44.02810757487265,198.71574249695155,180.02420526417953,221.53372703439314,200,match_id+match_phase+team+source_key
player_rel,45,45.02895609875929,200.57922202645858,181.6593573835786,223.74491188223925,200,match_id+match_phase+team+source_key
player_rel,46,46.02981768428532,202.3675556023173,183.23316661422996,225.86772051187143,200,match_id+match_phase+team+source_key
player_rel,47,47.030692663124796,204.08407563422827,184.74563314169126,227.90192885953158,200,match_id+match_phase+team+source_key
player_rel,48,48.031581378502636,205.731670240224,186.20080263692907,229.8456119785482,200,match_id+match_phase+team+source_key
player_rel,49,49.03248418570471,207.31618494238916,187.59900013306955,231.70502339351296,200,match_id+match_phase+team+source_key
player_rel,50,50.033401452615266,208.84053138483955,188.94413970837846,233.48251152043153,200,match_id+match_phase+team+source_key
player_rel,51,51.03433356028339,210.308032849478,190.23766202710175,235.18321202747686,200,match_id+match_phase+team+source_key
player_rel,52,52.03528090352041,211.7175452027946,191.48084281622445,236.80569573601724,200,match_id+match_phase+team+source_key
player_rel,53,53.036243891530084,213.06870873557665,192.45742827920438,238.35180440822475,200,match_id+match_phase+team+source_key
player_rel,54,54.03722294857391,214.35962193603413,193.56983651484236,239.8243784083654,200,match_id+match_phase+team+source_key
player_rel,55,55.03821851467367,215.5930575771686,194.70468875811378,241.22857896353045,200,match_id+match_phase+team+source_key
player_rel,56,56.03923104635372,216.77445117889275,195.80180234812704,242.57231839012073,200,match_id+match_phase+team+source_key
player_rel,57,57.040261017425756,217.90946351678116,196.86448957344558,243.86370040954696,200,match_id+match_phase+team+source_key
player_rel,58,58.04130891981885,219.00127657439114,197.89156813007824,245.1104290211048,200,match_id+match_phase+team+source_key
player_rel,59,59.04237522562384,220.05083385599298,198.88178003773896,246.31699893650375,200,match_id+match_phase+team+source_key
player_rel,60,60.043460504247925,221.06260604441715,199.8243375449924,247.48871014502947,200,match_id+match_phase+team+source_key
player_rel,61,61.044565307450426,222.0353171719419,200.7180332851075,248.62267549221013,200,match_id+match_phase+team+source_key
player_rel,62,62.045690208946155,222.967775347861,201.5761902099592,249.7179367925779,200,match_id+match_phase+team+source_key
player_rel,63,63.0468358055131,223.86034308175286,202.39663196702276,250.7733180931421,200,match_id+match_phase+team+source_key
player_rel,64,64.04800271816801,224.71479291038898,203.18125373815187,251.78630395887996,200,match_id+match_phase+team+source_key
player_rel,65,65.04919159341475,225.53032837561668,203.9321135675874,252.75614383912765,200,match_id+match_phase+team+source_key
player_rel,66,66.05007620035346,226.31228794487578,204.65268043197437,253.68599519066046,200,match_id+match_phase+team+source_key
player_rel,67,67.05097718933315,227.06324893236808,205.34659129700745,254.57589133865451,200,match_id+match_phase+team+source_key
player_rel,68,68.05156816303324,227.78973535872558,206.02143084567487,255.4345435312206,200,match_id+match_phase+team+source_key
player_rel,69,69.052169598724,228.49726530043526,206.55007250318917,256.2629088850684,200,match_id+match_phase+team+source_key
player_rel,70,70.05278182323026,229.1906294101149,206.92326620838236,257.065615177216,200,match_id+match_phase+team+source_key
player_rel,71,71.0534051775942,229.87391717396284,207.2891312248415,257.8423098806788,200,match_id+match_phase+team+source_key
player_rel,72,72.05404001786337,230.54781299153146,207.65103656109932,258.6000768895947,200,match_id+match_phase+team+source_key
player_rel,73,73.05468671593198,231.21619327098372,208.01388971545214,259.3456396481057,200,match_id+match_phase+team+source_key
player_rel,74,74.05530659641343,231.87883036905302,208.37977776751347,260.08422781947195,200,match_id+match_phase+team+source_key
player_rel,75,75.0559389326345,232.53556326488885,208.748647606207,260.81834897412057,200,match_id+match_phase+team+source_key
player_rel,76,76.05658414817896,233.18706322566038,209.11898970009904,261.5509230674438,200,match_id+match_phase+team+source_key
player_rel,77,77.05724268644872,233.8300938558215,209.4896852551683,262.2809835281244,200,match_id+match_phase+team+source_key
player_rel,78,78.05791501184247,234.46492869787627,209.85834812910602,263.0112333447282,200,match_id+match_phase+team+source_key
player_rel,79,79.05860161101941,235.0906578670619,210.22132494702785,263.74174975311826,200,match_id+match_phase+team+source_key
player_rel,80,80.05930299425538,235.70911855509425,210.57965782448667,264.4764759512328,200,match_id+match_phase+team+source_key
player_rel,81,81.06014421909242,236.31885578777056,210.9500403005532,265.21376627983256,200,match_id+match_phase+team+source_key
player_rel,82,82.06087832301775,236.91907116506903,211.33335878455458,265.9504877548643,200,match_id+match_phase+team+source_key
player_rel,83,83.06162893282723,237.51050765894422,211.6925379200124,266.68200171851663,200,match_id+match_phase+team+source_key
player_rel,84,84.06239667026078,238.09530719906917,212.03325618952636,267.4107502853231,200,match_id+match_phase+team+source_key
player_rel,85,85.06318218922048,238.66786561112204,212.35731665693507,268.12643537134267,200,match_id+match_phase+team+source_key
player_rel,86,86.06393724654612,239.23554419651705,212.66559614243576,268.8358893530933,200,match_id+match_phase+team+source_key
player_rel,87,87.0647111896034,239.79299505232296,212.95766904697504,269.52909360084,200,match_id+match_phase+team+source_key
player_rel,88,88.06550477923437,240.34036898757788,213.23199741620638,270.20398020861194,200,match_id+match_phase+team+source_key
player_rel,89,89.06631881794863,240.8735178930758,213.48943290271333,270.8560896024811,200,match_id+match_phase+team+source_key
player_rel,90,90.06715415281867,241.39211088226054,213.75912484789077,271.48591112841234,200,match_id+match_phase+team+source_key
player_rel,91,91.06801167862025,241.89580171484232,214.0240715758654,272.09359438577746,200,match_id+match_phase+team+source_key
player_rel,92,92.06889234124218,242.38518712142263,214.27598007355718,272.6803418459279,200,match_id+match_phase+team+source_key
player_rel,93,93.06979714139285,242.86192199236064,214.51424436421962,273.25283114558715,200,match_id+match_phase+team+source_key
player_rel,94,94.07072713863448,243.32657480065956,214.73854441523545,273.8127251376122,200,match_id+match_phase+team+source_key
player_rel,95,95.07168345577867,243.7796763126115,214.94833701120805,274.35931030607685,200,match_id+match_phase+team+source_key
player_rel,96,96.07266728368245,244.2270260419258,215.14413509788758,274.89854222036115,200,match_id+match_phase+team+source_key
player_rel,97,97.07259992777092,244.66983845661306,215.32770529111428,275.43568795791043,200,match_id+match_phase+team+source_key
player_rel,98,98.07253216131507,245.11187790640443,215.50239197074382,275.9765057894347,200,match_id+match_phase+team+source_key
player_rel,99,99.0724639806556,245.5540017340627,215.67051958199974,276.52294759031776,200,match_id+match_phase+team+source_key
player_rel,100,100.072395382091,245.99953985929687,215.83735051383823,277.0805458540168,200,match_id+match_phase+team+source_key
player_rel,101,101.07232636187706,246.4508278825664,216.00740200892548,277.65342968886927,200,match_id+match_phase+team+source_key
player_rel,102,102.07225691622618,246.90504485512375,216.17941500958858,278.2382599183624,200,match_id+match_phase+team+source_key
player_rel,103,103.072187041307,247.36061308177503,216.35244934775903,278.83091231285283,200,match_id+match_phase+team+source_key
player_rel,104,104.07211673324366,247.8151775652366,216.52417841307968,279.42786487611653,200,match_id+match_phase+team+source_key
player_rel,105,105.0720459881153,248.2545886728173,216.69383289918704,280.0130447283215,200,match_id+match_phase+team+source_key
player_rel,106,106.07197321943168,248.69615336548935,216.86320113193733,280.60414188747154,200,match_id+match_phase+team+source_key
player_rel,107,107.07190000086828,249.1367751427517,217.03127901613726,281.1950206349453,200,match_id+match_phase+team+source_key
player_rel,108,108.07182632834366,249.57492603138823,217.202687404889,281.7863033922117,200,match_id+match_phase+team+source_key
player_rel,109,109.0717521977289,250.01209459292693,217.376707782586,282.3796475177885,200,match_id+match_phase+team+source_key
player_rel,110,110.07182662273658,250.40550761689306,217.52469092253577,282.8867315971448,200,match_id+match_phase+team+source_key
player_rel,111,111.0719008894121,250.79311076342898,217.67458341449756,283.38521665651297,200,match_id+match_phase+team+source_key
player_rel,112,112.0718250445614,251.17442254606135,217.82415136178213,283.87893680894666,200,match_id+match_phase+team+source_key
player_rel,113,113.07174872263923,251.5441651642883,217.97405415129788,284.35876720813303,200,match_id+match_phase+team+source_key
player_rel,114,114.07167191925242,251.90355306707863,218.12717012175773,284.8284447288215,200,match_id+match_phase+team+source_key
player_rel,115,115.07159462995665,252.25528973614425,218.288866939851,285.29419832525997,200,match_id+match_phase+team+source_key
player_rel,116,116.07151685025569,252.60527637115058,218.46340656777122,285.7609650469189,200,match_id+match_phase+team+source_key
player_rel,117,117.07143857560104,252.95010016093758,218.6450624411021,286.22586512123576,200,match_id+match_phase+team+source_key
player_rel,118,118.07165837796599,253.29085271312252,218.8357542891007,286.69004601030815,200,match_id+match_phase+team+source_key
player_rel,119,119.07157876783685,253.63133877798518,219.03684243915123,287.16327684685535,200,match_id+match_phase+team+source_key
player_rel,120,120.07149864665874,253.97357266651687,219.25043779451258,287.6491081612444,200,match_id+match_phase+team+source_key
