_age_bin,age_left,age_right,age_mid,n_at_risk,n_terminated,empirical_interval_probability,ci_low,ci_high,age_only_model_probability,age_order_model_probability,hard_full_model_probability,smooth_full_model_probability,smooth_late_interval_probability,full_model_probability,sparse_flag,fitted_flag,late_fit_support_flag,exclusion_reason
0,0.0,1.0,0.5,69802,29183,0.4180825764304747,0.4144280688724789,0.4217460999218872,0.3687394927220274,0.3790095803540464,0.3790095803546673,0.3790095803546673,1e-12,0.3790095803546673,False,True,True,
1,1.0,2.0,1.5,40619,7859,0.1934808833304611,0.1896683616536588,0.1973513763614157,0.2627321997244883,0.2710266800946054,0.2710266800953343,0.2710266800953343,1e-12,0.2710266800953343,False,True,True,
2,2.0,3.0,2.5,32760,5437,0.1659645909645909,0.1619749976850854,0.1700325134760381,0.2120147006090733,0.2023792509752677,0.2023792509760653,0.2023792509760653,1e-12,0.2023792509760653,False,True,True,
3,3.0,4.0,3.5,27323,4012,0.1468359989752223,0.1426888639788004,0.1510824257224989,0.1823457509472872,0.1682537884562935,0.1682537884571253,0.1682537884571253,1e-12,0.1682537884571253,False,True,True,
4,4.0,5.0,4.5,23311,3222,0.1382180086654369,0.133847123109191,0.1427081118989065,0.1628865084280071,0.1489033685151248,0.1489033685159759,0.1489033685159759,1e-12,0.1489033685159759,False,True,True,
5,5.0,6.0,5.5,20089,2703,0.1345512469510677,0.1299022285973861,0.1393400022691592,0.1491440941952181,0.1368112827925747,0.1368112827934379,0.1368112827934379,1e-12,0.1368112827934379,False,True,True,
6,6.0,7.0,6.5,17386,2234,0.1284941907281721,0.1236019079418203,0.1335506066115788,0.1389231497041269,0.1286837063788653,0.1286837063797366,0.1286837063797366,1e-12,0.1286837063797366,False,True,True,
7,7.0,8.0,7.5,15152,1987,0.1311378035902851,0.1258564860428461,0.1366061076461101,0.1310243667593366,0.12311068977213,0.1231106897730069,0.1231106897730069,1e-12,0.1231106897730069,False,True,True,
8,8.0,9.0,8.5,13165,1649,0.125256361564755,0.1197111569985271,0.1310201977030718,0.1247373370297884,0.1191024543280483,0.1191024543289292,0.1191024543289292,1e-12,0.1191024543289292,False,True,True,
9,9.0,10.0,9.5,11516,1477,0.1282563390065995,0.1222730180013444,0.1344875866817944,0.1196145364649199,0.1163313175622782,0.1163313175631618,0.1163313175631618,1e-12,0.1163313175631618,False,True,True,
10,10.0,11.0,10.5,10039,1250,0.1245143938639306,0.1181990764972511,0.1311169631004419,0.1153600505470614,0.1140814407398194,0.1140814407407053,0.1140814407407053,1e-12,0.1140814407407053,False,True,True,
11,11.0,12.0,11.5,8789,1087,0.1236773239276368,0.1169586275367945,0.1307248396359194,0.1117703977629797,0.1122150546474582,0.1122150546483459,0.1122150546483459,1e-12,0.1122150546483459,False,True,True,
12,12.0,13.0,12.5,7702,950,0.1233445858218644,0.1161879833864744,0.1308767231734317,0.1087010587854471,0.1108734178381855,0.1108734178390746,0.1108734178390746,1e-12,0.1108734178390746,False,True,True,
13,13.0,14.0,13.5,6752,778,0.1152251184834123,0.107827018339675,0.1230607945743038,0.1060465654630873,0.1096877518527515,0.1096877518536419,0.1096877518536419,1e-12,0.1096877518536419,False,True,True,
14,14.0,15.0,14.5,5974,700,0.1171744224974891,0.1092634906332468,0.1255773743330253,0.1037281468623736,0.1086534480575858,0.1086534480584771,0.1086534480584771,1e-12,0.1086534480584771,False,True,True,
15,15.0,16.0,15.5,5274,595,0.1128175957527493,0.1045595325294848,0.1216392777484297,0.1016857855739196,0.1074406291725401,0.1074406291734326,0.1074406291734326,1e-12,0.1074406291734326,False,True,True,
16,16.0,17.0,16.5,4679,528,0.1128446249198546,0.1040944551576455,0.1222299822892715,0.0998729507853398,0.1066213048517355,0.1066213048526289,0.1066213048526289,1e-12,0.1066213048526289,False,True,True,
17,17.0,18.0,17.5,4151,434,0.1045531197301855,0.0956077817566014,0.1142296975940923,0.0982530118572951,0.1058008897634069,0.105800889764301,0.105800889764301,1e-12,0.105800889764301,False,True,True,
18,18.0,19.0,18.5,3717,385,0.103578154425612,0.0941880848903691,0.1137867690196816,0.0967967384799542,0.1049227784636057,0.1049227784645008,0.1049227784645008,1e-12,0.1049227784645008,False,True,True,
19,19.0,20.0,19.5,3332,386,0.1158463385354141,0.1054191978025207,0.1271582398239586,0.0954805218300979,0.1043859076214503,0.1043859076223458,0.1043859076223458,1e-12,0.1043859076223458,False,True,True,
20,20.0,21.0,20.5,2946,317,0.1076035302104548,0.0969203106054494,0.1193087538120309,0.09428508526375,0.1037353497830715,0.1037353497839677,0.1037380190991306,2.978267700792792e-06,0.1037380190991306,False,True,True,
21,21.0,22.0,21.5,2629,289,0.1099277291745911,0.0985351317333123,0.1224585999140589,0.0931945342735431,0.1033160479865002,0.1033160479873968,0.1059005358697416,0.0028822729317704,0.1059005358697416,False,True,True,
22,22.0,23.0,22.5,2340,266,0.1136752136752136,0.1014424930397971,0.1271742748751723,0.0921956459402052,0.1030709260553874,0.1030709260562843,0.1101738983767526,0.0079192129318843,0.1101738983767526,False,True,True,
23,23.0,24.0,23.5,2074,227,0.109450337512054,0.0967290464127989,0.1236157045676479,0.0912773302858653,0.1029598778819907,0.1029598778828877,0.1141354349783372,0.0124582577978338,0.1141354349783372,False,True,True,
24,24.0,25.0,24.5,1847,212,0.1147807255008121,0.1010363642805762,0.1301241474864894,0.0904302168926858,0.1030607629307014,0.1030607629315983,0.1179055461495592,0.016550489269889,0.1179055461495592,False,True,True,
25,25.0,26.0,25.5,1635,196,0.1198776758409786,0.1050173913542549,0.1365199804825184,0.0896463340700289,0.1034716771047764,0.1197444232811424,0.121618678231336,0.020241414200899,0.121618678231336,False,True,True,
26,26.0,27.0,26.5,1439,207,0.1438498957609451,0.1266653912684877,0.1629308469503784,0.0889188572674017,0.1032515820982876,0.1359076161536974,0.1243894055113201,0.0235716316762426,0.1243894055113201,False,True,True,
27,27.0,28.0,27.5,1232,154,0.125,0.1076903261884422,0.1446409551381042,0.0882419099029339,0.1034785431425485,0.1361263121735182,0.1273057617854429,0.0265774103460001,0.1273057617854429,False,True,True,
28,28.0,29.0,28.5,1078,132,0.1224489795918367,0.1042101568588674,0.1433690578558891,0.0876104042950932,0.1038229584860318,0.1364581852710811,0.1300730501791806,0.0292911896613674,0.1300730501791806,False,True,True,
29,29.0,30.0,29.5,946,136,0.1437632135306553,0.1228452313602575,0.1675626638301396,0.0870199135832113,0.1050280388703825,0.1376193813894713,0.133436253512911,0.0317420163718562,0.133436253512911,False,True,True,
30,30.0,31.0,30.5,810,110,0.1358024691358024,0.1139225239726077,0.1611205527773209,0.0864665678152762,0.1046363321262397,0.1372419390571982,0.1350392343432635,0.0339559257404561,0.1350392343432635,False,True,True,
31,31.0,32.0,31.5,700,95,0.1357142857142857,0.1123226638769637,0.1630823387574091,0.0859469690452141,0.1044240532562544,0.1370373905448797,0.136625628623891,0.0359562753831423,0.136625628623891,False,True,True,
32,32.0,33.0,32.5,605,83,0.1371900826446281,0.1120550664586107,0.1669033657573415,0.0854581215026578,0.1052078657148817,0.1377926596508441,0.1389988302054418,0.0377640383680361,0.1389988302054418,False,True,True,
33,33.0,34.0,33.5,522,75,0.1436781609195402,0.1161882214268253,0.1763742158631416,0.0849973738032604,0.1050840143186676,0.1376733184331058,0.1403419690589725,0.0393980611637657,0.1403419690589725,False,True,True,
34,34.0,35.0,34.5,447,66,0.1476510067114094,0.1177695442023779,0.1835369487187182,0.0845623708451521,0.1058059640891748,0.1383689776456134,0.1423564056632519,0.0408752911630044,0.1423564056632519,False,True,True,
35,35.0,36.0,35.5,381,47,0.1233595800524934,0.0940495545639284,0.1601887988622302,0.0841510135489748,0.1054135598207262,0.1379908631901135,0.1431749281796332,0.0422109777914135,0.1431749281796332,False,False,True,outside_panelA_display_reliable_window_35s
36,36.0,37.0,36.5,334,48,0.1437125748502994,0.1101383915159038,0.1853891590967755,0.0837614249889019,0.1054089059296237,0.1379863787753361,0.1442510230062463,0.0434188506168684,0.1442510230062463,False,False,True,outside_panelA_display_reliable_window_35s
37,37.0,38.0,37.5,286,45,0.1573426573426573,0.1197192846322395,0.2040489547442661,0.0833919217615625,0.1067336740789221,0.1392629041031972,0.1464940992834105,0.0445112773768674,0.1464940992834105,False,False,True,outside_panelA_display_reliable_window_35s
38,38.0,39.0,38.5,241,41,0.1701244813278008,0.1279516467209953,0.2226485303656753,0.0830409896715741,0.1059595312632188,0.1385169525099691,0.1466378401232222,0.0454994044257068,0.1466378401232222,False,False,True,outside_panelA_display_reliable_window_35s
39,39.0,40.0,39.5,200,24,0.12,0.0819799270637551,0.1723425209829674,0.0827072629930411,0.1047842609504393,0.1373844808981321,0.1463162569619382,0.0463932817530586,0.1463162569619382,False,False,True,outside_panelA_display_reliable_window_35s
40,40.0,41.0,40.5,176,22,0.125,0.0840158177907053,0.1820043709600605,0.0823895067081338,0.1050425750061903,0.1376333881766497,0.1472863324970483,0.0472019744304039,0.1472863324970483,False,False,True,outside_panelA_display_reliable_window_35s
41,41.0,42.0,41.5,154,20,0.1298701298701298,0.0856675208748036,0.1920887742599078,0.0820866012358069,0.105684582278007,0.138252016080392,0.1485523953147333,0.0479336620919714,0.1485523953147333,False,False,True,outside_panelA_display_reliable_window_35s
42,42.0,43.0,42.5,134,18,0.1343283582089552,0.0866871437245175,0.2023511409944535,0.081797529252663,0.1043130851826222,0.1369304634900207,0.1478396427291362,0.0485957278446885,0.1478396427291362,False,False,True,outside_panelA_display_reliable_window_35s
43,43.0,44.0,43.5,116,26,0.2241379310344827,0.1577976135364971,0.3081634934977863,0.0815213642790392,0.1056296208366105,0.1381990561175219,0.1496280265914089,0.0491948378209431,0.1496280265914089,False,False,True,outside_panelA_display_reliable_window_35s
44,44.0,45.0,44.5,90,15,0.1666666666666666,0.1036848873431297,0.2569388630330881,0.0812572607605019,0.1055975278476211,0.1381681318283823,0.1500824347256149,0.0497370124334975,0.1500824347256149,True,False,True,sparse_tail_observation
45,45.0,46.0,45.5,75,18,0.24,0.1575487366000292,0.3477876614910298,0.0810044454210627,0.1062752820255802,0.1388212048771922,0.1511650103372279,0.0502276902594659,0.1511650103372279,True,False,True,sparse_tail_observation
46,46.0,47.0,46.5,57,7,0.1228070175438596,0.0607806015899808,0.23246448435174,0.0807622097018629,0.1046044836788459,0.1372112504044156,0.1499757730998949,0.050671785366385,0.1499757730998949,True,False,True,sparse_tail_observation
47,47.0,48.0,47.5,50,7,0.14,0.0695083342701629,0.2618619371058554,0.0805299031296157,0.1043050084082295,0.1369226808398377,0.150051500448929,0.0510737387951692,0.150051500448929,True,False,True,sparse_tail_observation
48,48.0,49.0,48.5,43,5,0.1162790697674418,0.0507042773980416,0.2447916181008212,0.0803069274841029,0.105032298935775,0.1376234863201152,0.1510672580797955,0.0514375648297467,0.1510672580797955,True,False,True,sparse_tail_observation
49,49.0,50.0,49.5,38,5,0.131578947368421,0.0575386769012013,0.2732685944229131,0.0800927316546155,0.106069543429511,0.1386229584678563,0.1523455453751102,0.0517668926094478,0.1523455453751102,True,False,True,sparse_tail_observation
50,50.0,51.0,50.5,33,4,0.1212121212121212,0.0481616130941355,0.2732550517107523,0.0798868070922268,0.1067112868683971,0.1392413321464208,0.1532203669120524,0.0520650035760648,0.1532203669120524,True,False,True,sparse_tail_observation
51,51.0,52.0,51.5,29,7,0.2413793103448276,0.1221842244252008,0.4210760161781133,0.0796886837789019,0.1061135897101473,0.138665400756992,0.1528950144892326,0.0523348651915581,0.1528950144892326,True,False,False,sparse_tail_observation
52,52.0,53.0,52.5,22,4,0.1818181818181818,0.0730688458342205,0.3851660743712654,0.0794979266461884,0.1056992515637227,0.1382661511686848,0.1527208348785016,0.0525791613134598,0.1527208348785016,True,False,False,sparse_tail_observation
53,53.0,54.0,53.5,18,6,0.3333333333333333,0.1627877475083369,0.5625053270405489,0.079314132386059,0.108724631557892,0.1411813587776587,0.1557842558384102,0.0528003195721378,0.1557842558384102,True,False,False,sparse_tail_observation
54,54.0,55.0,54.5,12,1,0.0833333333333333,0.014865094404917,0.3538799111411169,0.079136926604704,0.1071191787747494,0.1396343702412484,0.1544423409341715,0.0530005360564057,0.1544423409341715,True,False,False,sparse_tail_observation
55,55.0,56.0,55.5,11,0,0.0,0.0,0.2588329669680317,0.0789659612770088,0.1061216822572466,0.1386731986055019,0.1536597380133025,0.0531817975807942,0.1536597380133025,True,False,False,sparse_tail_observation
56,56.0,57.0,56.5,11,2,0.1818181818181818,0.0513676897460851,0.4769805619608442,0.0788009124652943,0.1123016589054524,0.1446281249231395,0.1596567274184392,0.0533459017785222,0.1596567274184392,True,False,False,sparse_tail_observation
57,57.0,58.0,57.5,9,1,0.1111111111111111,0.0198908876385449,0.434999705576656,0.0786414782708619,0.1068443017801777,0.1393695031806966,0.1546231971625753,0.0534944752383345,0.1546231971625753,True,False,False,sparse_tail_observation
58,58.0,59.0,58.5,8,1,0.125,0.0224174914500566,0.4708881822128535,0.0784873769910866,0.1106155998231384,0.1430034654504733,0.1583123868200421,0.0536289898804371,0.1583123868200421,True,False,False,sparse_tail_observation
59,59.0,60.0,59.5,7,2,0.2857142857142857,0.0822189240040567,0.6410655481673808,0.0783383454583922,0.109750181383152,0.142169562130541,0.1576018015224557,0.0537507777464635,0.1576018015224557,True,False,False,sparse_tail_observation
60,60.0,61.0,60.5,5,0,0.0,0.0,0.4344824647831747,0.0781941375405054,0.1113319334230813,0.1436937130111572,0.1591965235785457,0.0538610443602808,0.1591965235785457,True,False,False,sparse_tail_observation
61,61.0,62.0,61.5,5,2,0.4,0.1176207742326478,0.769275718723987,0.0780545227840112,0.1111933208418096,0.1435601481523953,0.1591541121104813,0.0539608808004193,0.1591541121104813,True,False,False,sparse_tail_observation
62,62.0,63.0,62.5,3,3,1.0,0.4385029682449546,1.0,0.0779192851854836,0.1150696993996146,0.1472953643198706,0.1629013100885432,0.054051274610528,0.1629013100885432,True,False,False,sparse_tail_observation
