heldout_match_id,model,n_heldout_intervals,n_heldout_events,heldout_log_likelihood,train_q,train_tc,train_tau_q,train_success,lomo_refit,lomo_note
2020-07-03,M0_inverse_age_order,5389,1185,-2620.6927465107574,0.0,,,True,False,held-out match likelihood evaluated under full-sample fitted parameters
2020-07-03,M1_inverse_age_order_hard_late,5389,1185,-2622.2929467994577,0.037095663316977355,25.50620664906055,,True,False,held-out match likelihood evaluated under full-sample fitted parameters
2020-07-03,M2_inverse_age_order_smooth_ramp,5389,1185,-2621.904522671228,0.05648262286251054,20.967386784775137,10.074864751764416,True,False,held-out match likelihood evaluated under full-sample fitted parameters
2020-07-04,M0_inverse_age_order,5394,1034,-2485.4453021952854,0.0,,,True,False,held-out match likelihood evaluated under full-sample fitted parameters
2020-07-04,M1_inverse_age_order_hard_late,5394,1034,-2484.6830599873365,0.037095663316977355,25.50620664906055,,True,False,held-out match likelihood evaluated under full-sample fitted parameters
2020-07-04,M2_inverse_age_order_smooth_ramp,5394,1034,-2484.5008529214865,0.05648262286251054,20.967386784775137,10.074864751764416,True,False,held-out match likelihood evaluated under full-sample fitted parameters
2020-07-10,M0_inverse_age_order,5390,1006,-2451.002591683632,0.0,,,True,False,held-out match likelihood evaluated under full-sample fitted parameters
2020-07-10,M1_inverse_age_order_hard_late,5390,1006,-2452.372272040854,0.037095663316977355,25.50620664906055,,True,False,held-out match likelihood evaluated under full-sample fitted parameters
2020-07-10,M2_inverse_age_order_smooth_ramp,5390,1006,-2452.484907848004,0.05648262286251054,20.967386784775137,10.074864751764416,True,False,held-out match likelihood evaluated under full-sample fitted parameters
2020-07-11,M0_inverse_age_order,5398,1097,-2572.4329441595746,0.0,,,True,False,held-out match likelihood evaluated under full-sample fitted parameters
2020-07-11,M1_inverse_age_order_hard_late,5398,1097,-2569.956783982067,0.037095663316977355,25.50620664906055,,True,False,held-out match likelihood evaluated under full-sample fitted parameters
2020-07-11,M2_inverse_age_order_smooth_ramp,5398,1097,-2570.722175504593,0.05648262286251054,20.967386784775137,10.074864751764416,True,False,held-out match likelihood evaluated under full-sample fitted parameters
2020-07-18,M0_inverse_age_order,5398,1036,-2517.48303442786,0.0,,,True,False,held-out match likelihood evaluated under full-sample fitted parameters
2020-07-18,M1_inverse_age_order_hard_late,5398,1036,-2516.8068579786886,0.037095663316977355,25.50620664906055,,True,False,held-out match likelihood evaluated under full-sample fitted parameters
2020-07-18,M2_inverse_age_order_smooth_ramp,5398,1036,-2516.5728913832245,0.05648262286251054,20.967386784775137,10.074864751764416,True,False,held-out match likelihood evaluated under full-sample fitted parameters
2020-07-19,M0_inverse_age_order,5397,921,-2268.270753325897,0.0,,,True,False,held-out match likelihood evaluated under full-sample fitted parameters
2020-07-19,M1_inverse_age_order_hard_late,5397,921,-2266.734079605882,0.037095663316977355,25.50620664906055,,True,False,held-out match likelihood evaluated under full-sample fitted parameters
2020-07-19,M2_inverse_age_order_smooth_ramp,5397,921,-2267.1485116466492,0.05648262286251054,20.967386784775137,10.074864751764416,True,False,held-out match likelihood evaluated under full-sample fitted parameters
2020-07-24,M0_inverse_age_order,5258,1121,-2523.6195573351215,0.0,,,True,False,held-out match likelihood evaluated under full-sample fitted parameters
2020-07-24,M1_inverse_age_order_hard_late,5258,1121,-2521.6833073588323,0.037095663316977355,25.50620664906055,,True,False,held-out match likelihood evaluated under full-sample fitted parameters
2020-07-24,M2_inverse_age_order_smooth_ramp,5258,1121,-2521.3668467804355,0.05648262286251054,20.967386784775137,10.074864751764416,True,False,held-out match likelihood evaluated under full-sample fitted parameters
2020-07-25,M0_inverse_age_order,5392,1003,-2469.1444318060094,0.0,,,True,False,held-out match likelihood evaluated under full-sample fitted parameters
2020-07-25,M1_inverse_age_order_hard_late,5392,1003,-2469.1376025510126,0.037095663316977355,25.50620664906055,,True,False,held-out match likelihood evaluated under full-sample fitted parameters
2020-07-25,M2_inverse_age_order_smooth_ramp,5392,1003,-2469.1601838650304,0.05648262286251054,20.967386784775137,10.074864751764416,True,False,held-out match likelihood evaluated under full-sample fitted parameters
2020-08-01,M0_inverse_age_order,5395,1086,-2511.1744702036376,0.0,,,True,False,held-out match likelihood evaluated under full-sample fitted parameters
2020-08-01,M1_inverse_age_order_hard_late,5395,1086,-2513.7673505512357,0.037095663316977355,25.50620664906055,,True,False,held-out match likelihood evaluated under full-sample fitted parameters
2020-08-01,M2_inverse_age_order_smooth_ramp,5395,1086,-2513.6757719424195,0.05648262286251054,20.967386784775137,10.074864751764416,True,False,held-out match likelihood evaluated under full-sample fitted parameters
2020-08-02,M0_inverse_age_order,5387,1036,-2446.604262996688,0.0,,,True,False,held-out match likelihood evaluated under full-sample fitted parameters
2020-08-02,M1_inverse_age_order_hard_late,5387,1036,-2445.680263540609,0.037095663316977355,25.50620664906055,,True,False,held-out match likelihood evaluated under full-sample fitted parameters
2020-08-02,M2_inverse_age_order_smooth_ramp,5387,1036,-2444.934488786021,0.05648262286251054,20.967386784775137,10.074864751764416,True,False,held-out match likelihood evaluated under full-sample fitted parameters
2020-08-07,M0_inverse_age_order,5394,1004,-2389.8510773139624,0.0,,,True,False,held-out match likelihood evaluated under full-sample fitted parameters
2020-08-07,M1_inverse_age_order_hard_late,5394,1004,-2390.2960650713444,0.037095663316977355,25.50620664906055,,True,False,held-out match likelihood evaluated under full-sample fitted parameters
2020-08-07,M2_inverse_age_order_smooth_ramp,5394,1004,-2389.689299133923,0.05648262286251054,20.967386784775137,10.074864751764416,True,False,held-out match likelihood evaluated under full-sample fitted parameters
2020-08-08,M0_inverse_age_order,5380,1170,-2610.183488166895,0.0,,,True,False,held-out match likelihood evaluated under full-sample fitted parameters
2020-08-08,M1_inverse_age_order_hard_late,5380,1170,-2606.6007349774445,0.037095663316977355,25.50620664906055,,True,False,held-out match likelihood evaluated under full-sample fitted parameters
2020-08-08,M2_inverse_age_order_smooth_ramp,5380,1170,-2606.7514515811336,0.05648262286251054,20.967386784775137,10.074864751764416,True,False,held-out match likelihood evaluated under full-sample fitted parameters
2020-08-12,M0_inverse_age_order,5159,987,-2306.5965598316534,0.0,,,True,False,held-out match likelihood evaluated under full-sample fitted parameters
2020-08-12,M1_inverse_age_order_hard_late,5159,987,-2305.514643736205,0.037095663316977355,25.50620664906055,,True,False,held-out match likelihood evaluated under full-sample fitted parameters
2020-08-12,M2_inverse_age_order_smooth_ramp,5159,987,-2305.335001821407,0.05648262286251054,20.967386784775137,10.074864751764416,True,False,held-out match likelihood evaluated under full-sample fitted parameters
2020-08-16,M0_inverse_age_order,10796,2049,-4883.199137474586,0.0,,,True,False,held-out match likelihood evaluated under full-sample fitted parameters
2020-08-16,M1_inverse_age_order_hard_late,10796,2049,-4878.959696805721,0.037095663316977355,25.50620664906055,,True,False,held-out match likelihood evaluated under full-sample fitted parameters
2020-08-16,M2_inverse_age_order_smooth_ramp,10796,2049,-4878.819785824521,0.05648262286251054,20.967386784775137,10.074864751764416,True,False,held-out match likelihood evaluated under full-sample fitted parameters
2020-08-22,M0_inverse_age_order,5398,1090,-2530.944452127555,0.0,,,True,False,held-out match likelihood evaluated under full-sample fitted parameters
2020-08-22,M1_inverse_age_order_hard_late,5398,1090,-2529.0507069510118,0.037095663316977355,25.50620664906055,,True,False,held-out match likelihood evaluated under full-sample fitted parameters
2020-08-22,M2_inverse_age_order_smooth_ramp,5398,1090,-2528.8353061843686,0.05648262286251054,20.967386784775137,10.074864751764416,True,False,held-out match likelihood evaluated under full-sample fitted parameters
2020-08-26,M0_inverse_age_order,5398,1022,-2438.5801871728186,0.0,,,True,False,held-out match likelihood evaluated under full-sample fitted parameters
2020-08-26,M1_inverse_age_order_hard_late,5398,1022,-2436.8263845731553,0.037095663316977355,25.50620664906055,,True,False,held-out match likelihood evaluated under full-sample fitted parameters
2020-08-26,M2_inverse_age_order_smooth_ramp,5398,1022,-2436.695461183106,0.05648262286251054,20.967386784775137,10.074864751764416,True,False,held-out match likelihood evaluated under full-sample fitted parameters
2020-08-30,M0_inverse_age_order,10782,2026,-4785.305642735468,0.0,,,True,False,held-out match likelihood evaluated under full-sample fitted parameters
2020-08-30,M1_inverse_age_order_hard_late,10782,2026,-4784.214290870665,0.037095663316977355,25.50620664906055,,True,False,held-out match likelihood evaluated under full-sample fitted parameters
2020-08-30,M2_inverse_age_order_smooth_ramp,10782,2026,-4784.929081295236,0.05648262286251054,20.967386784775137,10.074864751764416,True,False,held-out match likelihood evaluated under full-sample fitted parameters
2020-09-05,M0_inverse_age_order,5373,1098,-2565.0403013070613,0.0,,,True,False,held-out match likelihood evaluated under full-sample fitted parameters
2020-09-05,M1_inverse_age_order_hard_late,5373,1098,-2564.628888299837,0.037095663316977355,25.50620664906055,,True,False,held-out match likelihood evaluated under full-sample fitted parameters
2020-09-05,M2_inverse_age_order_smooth_ramp,5373,1098,-2564.403164002725,0.05648262286251054,20.967386784775137,10.074864751764416,True,False,held-out match likelihood evaluated under full-sample fitted parameters
2020-09-12,M0_inverse_age_order,5398,1023,-2402.477326037785,0.0,,,True,False,held-out match likelihood evaluated under full-sample fitted parameters
2020-09-12,M1_inverse_age_order_hard_late,5398,1023,-2400.741793817946,0.037095663316977355,25.50620664906055,,True,False,held-out match likelihood evaluated under full-sample fitted parameters
2020-09-12,M2_inverse_age_order_smooth_ramp,5398,1023,-2400.403064429149,0.05648262286251054,20.967386784775137,10.074864751764416,True,False,held-out match likelihood evaluated under full-sample fitted parameters
2020-09-26,M0_inverse_age_order,5398,1018,-2380.2691836617983,0.0,,,True,False,held-out match likelihood evaluated under full-sample fitted parameters
2020-09-26,M1_inverse_age_order_hard_late,5398,1018,-2378.57669483068,0.037095663316977355,25.50620664906055,,True,False,held-out match likelihood evaluated under full-sample fitted parameters
2020-09-26,M2_inverse_age_order_smooth_ramp,5398,1018,-2377.57292467182,0.05648262286251054,20.967386784775137,10.074864751764416,True,False,held-out match likelihood evaluated under full-sample fitted parameters
2020-09-27,M0_inverse_age_order,5398,1053,-2495.903105145342,0.0,,,True,False,held-out match likelihood evaluated under full-sample fitted parameters
2020-09-27,M1_inverse_age_order_hard_late,5398,1053,-2495.0574402595034,0.037095663316977355,25.50620664906055,,True,False,held-out match likelihood evaluated under full-sample fitted parameters
2020-09-27,M2_inverse_age_order_smooth_ramp,5398,1053,-2494.832237058142,0.05648262286251054,20.967386784775137,10.074864751764416,True,False,held-out match likelihood evaluated under full-sample fitted parameters
2020-10-04,M0_inverse_age_order,5398,1091,-2520.9292222469976,0.0,,,True,False,held-out match likelihood evaluated under full-sample fitted parameters
2020-10-04,M1_inverse_age_order_hard_late,5398,1091,-2521.388387593228,0.037095663316977355,25.50620664906055,,True,False,held-out match likelihood evaluated under full-sample fitted parameters
2020-10-04,M2_inverse_age_order_smooth_ramp,5398,1091,-2521.6523348993633,0.05648262286251054,20.967386784775137,10.074864751764416,True,False,held-out match likelihood evaluated under full-sample fitted parameters
2020-10-18,M0_inverse_age_order,10796,2126,-4966.485468533558,0.0,,,True,False,held-out match likelihood evaluated under full-sample fitted parameters
2020-10-18,M1_inverse_age_order_hard_late,10796,2126,-4961.455304000103,0.037095663316977355,25.50620664906055,,True,False,held-out match likelihood evaluated under full-sample fitted parameters
2020-10-18,M2_inverse_age_order_smooth_ramp,10796,2126,-4960.967668516203,0.05648262286251054,20.967386784775137,10.074864751764416,True,False,held-out match likelihood evaluated under full-sample fitted parameters
2020-11-01,M0_inverse_age_order,10796,1949,-4719.129824119566,0.0,,,True,False,held-out match likelihood evaluated under full-sample fitted parameters
2020-11-01,M1_inverse_age_order_hard_late,10796,1949,-4718.343588678266,0.037095663316977355,25.50620664906055,,True,False,held-out match likelihood evaluated under full-sample fitted parameters
2020-11-01,M2_inverse_age_order_smooth_ramp,10796,1949,-4718.712136156096,0.05648262286251054,20.967386784775137,10.074864751764416,True,False,held-out match likelihood evaluated under full-sample fitted parameters
2020-11-07,M0_inverse_age_order,10796,2186,-5007.731315433467,0.0,,,True,False,held-out match likelihood evaluated under full-sample fitted parameters
2020-11-07,M1_inverse_age_order_hard_late,10796,2186,-5007.251677337713,0.037095663316977355,25.50620664906055,,True,False,held-out match likelihood evaluated under full-sample fitted parameters
2020-11-07,M2_inverse_age_order_smooth_ramp,10796,2186,-5006.547830791542,0.05648262286251054,20.967386784775137,10.074864751764416,True,False,held-out match likelihood evaluated under full-sample fitted parameters
2020-12-06,M0_inverse_age_order,10796,2160,-4957.822290827731,0.0,,,True,False,held-out match likelihood evaluated under full-sample fitted parameters
2020-12-06,M1_inverse_age_order_hard_late,10796,2160,-4953.863474998331,0.037095663316977355,25.50620664906055,,True,False,held-out match likelihood evaluated under full-sample fitted parameters
2020-12-06,M2_inverse_age_order_smooth_ramp,10796,2160,-4953.920134275739,0.05648262286251054,20.967386784775137,10.074864751764416,True,False,held-out match likelihood evaluated under full-sample fitted parameters
2021-05-22,M0_inverse_age_order,10795,2000,-4865.1789824172865,0.0,,,True,False,held-out match likelihood evaluated under full-sample fitted parameters
2021-05-22,M1_inverse_age_order_hard_late,10795,2000,-4865.662390210364,0.037095663316977355,25.50620664906055,,True,False,held-out match likelihood evaluated under full-sample fitted parameters
2021-05-22,M2_inverse_age_order_smooth_ramp,10795,2000,-4865.510961999176,0.05648262286251054,20.967386784775137,10.074864751764416,True,False,held-out match likelihood evaluated under full-sample fitted parameters
2021-05-29,M0_inverse_age_order,10706,2122,-4895.98602993249,0.0,,,True,False,held-out match likelihood evaluated under full-sample fitted parameters
2021-05-29,M1_inverse_age_order_hard_late,10706,2122,-4894.751661136299,0.037095663316977355,25.50620664906055,,True,False,held-out match likelihood evaluated under full-sample fitted parameters
2021-05-29,M2_inverse_age_order_smooth_ramp,10706,2122,-4895.297745580096,0.05648262286251054,20.967386784775137,10.074864751764416,True,False,held-out match likelihood evaluated under full-sample fitted parameters
2021-06-05,M0_inverse_age_order,10571,2008,-4725.60697940729,0.0,,,True,False,held-out match likelihood evaluated under full-sample fitted parameters
2021-06-05,M1_inverse_age_order_hard_late,10571,2008,-4721.5509011109825,0.037095663316977355,25.50620664906055,,True,False,held-out match likelihood evaluated under full-sample fitted parameters
2021-06-05,M2_inverse_age_order_smooth_ramp,10571,2008,-4721.058473136205,0.05648262286251054,20.967386784775137,10.074864751764416,True,False,held-out match likelihood evaluated under full-sample fitted parameters
2021-06-22,M0_inverse_age_order,10796,2239,-5141.018671670334,0.0,,,True,False,held-out match likelihood evaluated under full-sample fitted parameters
2021-06-22,M1_inverse_age_order_hard_late,10796,2239,-5138.725302779211,0.037095663316977355,25.50620664906055,,True,False,held-out match likelihood evaluated under full-sample fitted parameters
2021-06-22,M2_inverse_age_order_smooth_ramp,10796,2239,-5138.006675809002,0.05648262286251054,20.967386784775137,10.074864751764416,True,False,held-out match likelihood evaluated under full-sample fitted parameters
2021-06-26,M0_inverse_age_order,5398,1111,-2521.7213671142686,0.0,,,True,False,held-out match likelihood evaluated under full-sample fitted parameters
2021-06-26,M1_inverse_age_order_hard_late,5398,1111,-2521.026229054743,0.037095663316977355,25.50620664906055,,True,False,held-out match likelihood evaluated under full-sample fitted parameters
2021-06-26,M2_inverse_age_order_smooth_ramp,5398,1111,-2521.0881548887464,0.05648262286251054,20.967386784775137,10.074864751764416,True,False,held-out match likelihood evaluated under full-sample fitted parameters
2021-06-30,M0_inverse_age_order,10783,2069,-4895.789964740279,0.0,,,True,False,held-out match likelihood evaluated under full-sample fitted parameters
2021-06-30,M1_inverse_age_order_hard_late,10783,2069,-4895.114308441014,0.037095663316977355,25.50620664906055,,True,False,held-out match likelihood evaluated under full-sample fitted parameters
2021-06-30,M2_inverse_age_order_smooth_ramp,10783,2069,-4896.6362267752165,0.05648262286251054,20.967386784775137,10.074864751764416,True,False,held-out match likelihood evaluated under full-sample fitted parameters
2021-07-04,M0_inverse_age_order,10792,2148,-5016.951973586733,0.0,,,True,False,held-out match likelihood evaluated under full-sample fitted parameters
2021-07-04,M1_inverse_age_order_hard_late,10792,2148,-5017.5189013522195,0.037095663316977355,25.50620664906055,,True,False,held-out match likelihood evaluated under full-sample fitted parameters
2021-07-04,M2_inverse_age_order_smooth_ramp,10792,2148,-5017.367352502468,0.05648262286251054,20.967386784775137,10.074864751764416,True,False,held-out match likelihood evaluated under full-sample fitted parameters
2021-07-10,M0_inverse_age_order,10610,2297,-5209.996777519746,0.0,,,True,False,held-out match likelihood evaluated under full-sample fitted parameters
2021-07-10,M1_inverse_age_order_hard_late,10610,2297,-5207.788585085264,0.037095663316977355,25.50620664906055,,True,False,held-out match likelihood evaluated under full-sample fitted parameters
2021-07-10,M2_inverse_age_order_smooth_ramp,10610,2297,-5207.201620324433,0.05648262286251054,20.967386784775137,10.074864751764416,True,False,held-out match likelihood evaluated under full-sample fitted parameters
2021-07-17,M0_inverse_age_order,5398,1069,-2549.4342731776087,0.0,,,True,False,held-out match likelihood evaluated under full-sample fitted parameters
2021-07-17,M1_inverse_age_order_hard_late,5398,1069,-2548.475943427083,0.037095663316977355,25.50620664906055,,True,False,held-out match likelihood evaluated under full-sample fitted parameters
2021-07-17,M2_inverse_age_order_smooth_ramp,5398,1069,-2548.2398935729257,0.05648262286251054,20.967386784775137,10.074864751764416,True,False,held-out match likelihood evaluated under full-sample fitted parameters
2021-08-07,M0_inverse_age_order,10782,1964,-4712.03600937045,0.0,,,True,False,held-out match likelihood evaluated under full-sample fitted parameters
2021-08-07,M1_inverse_age_order_hard_late,10782,1964,-4712.1292132987965,0.037095663316977355,25.50620664906055,,True,False,held-out match likelihood evaluated under full-sample fitted parameters
2021-08-07,M2_inverse_age_order_smooth_ramp,10782,1964,-4713.073977563263,0.05648262286251054,20.967386784775137,10.074864751764416,True,False,held-out match likelihood evaluated under full-sample fitted parameters
2021-08-14,M0_inverse_age_order,10796,2194,-4973.805289390518,0.0,,,True,False,held-out match likelihood evaluated under full-sample fitted parameters
2021-08-14,M1_inverse_age_order_hard_late,10796,2194,-4971.407814692883,0.037095663316977355,25.50620664906055,,True,False,held-out match likelihood evaluated under full-sample fitted parameters
2021-08-14,M2_inverse_age_order_smooth_ramp,10796,2194,-4972.615408099238,0.05648262286251054,20.967386784775137,10.074864751764416,True,False,held-out match likelihood evaluated under full-sample fitted parameters
2021-08-28,M0_inverse_age_order,5398,1075,-2506.7641867799834,0.0,,,True,False,held-out match likelihood evaluated under full-sample fitted parameters
2021-08-28,M1_inverse_age_order_hard_late,5398,1075,-2505.4953224192723,0.037095663316977355,25.50620664906055,,True,False,held-out match likelihood evaluated under full-sample fitted parameters
2021-08-28,M2_inverse_age_order_smooth_ramp,5398,1075,-2505.398529815554,0.05648262286251054,20.967386784775137,10.074864751764416,True,False,held-out match likelihood evaluated under full-sample fitted parameters
2021-09-04,M0_inverse_age_order,10796,2249,-5166.346039005759,0.0,,,True,False,held-out match likelihood evaluated under full-sample fitted parameters
2021-09-04,M1_inverse_age_order_hard_late,10796,2249,-5164.803048781028,0.037095663316977355,25.50620664906055,,True,False,held-out match likelihood evaluated under full-sample fitted parameters
2021-09-04,M2_inverse_age_order_smooth_ramp,10796,2249,-5164.80950066207,0.05648262286251054,20.967386784775137,10.074864751764416,True,False,held-out match likelihood evaluated under full-sample fitted parameters
2021-09-25,M0_inverse_age_order,5394,985,-2343.3632389521294,0.0,,,True,False,held-out match likelihood evaluated under full-sample fitted parameters
2021-09-25,M1_inverse_age_order_hard_late,5394,985,-2343.136593411882,0.037095663316977355,25.50620664906055,,True,False,held-out match likelihood evaluated under full-sample fitted parameters
2021-09-25,M2_inverse_age_order_smooth_ramp,5394,985,-2343.815511678871,0.05648262286251054,20.967386784775137,10.074864751764416,True,False,held-out match likelihood evaluated under full-sample fitted parameters
2021-09-26,M0_inverse_age_order,5398,1082,-2523.6644216397817,0.0,,,True,False,held-out match likelihood evaluated under full-sample fitted parameters
2021-09-26,M1_inverse_age_order_hard_late,5398,1082,-2523.352253168562,0.037095663316977355,25.50620664906055,,True,False,held-out match likelihood evaluated under full-sample fitted parameters
2021-09-26,M2_inverse_age_order_smooth_ramp,5398,1082,-2522.91050502022,0.05648262286251054,20.967386784775137,10.074864751764416,True,False,held-out match likelihood evaluated under full-sample fitted parameters
2021-10-09,M0_inverse_age_order,10785,2295,-5235.175513853452,0.0,,,True,False,held-out match likelihood evaluated under full-sample fitted parameters
2021-10-09,M1_inverse_age_order_hard_late,10785,2295,-5233.607566573844,0.037095663316977355,25.50620664906055,,True,False,held-out match likelihood evaluated under full-sample fitted parameters
2021-10-09,M2_inverse_age_order_smooth_ramp,10785,2295,-5233.463204700522,0.05648262286251054,20.967386784775137,10.074864751764416,True,False,held-out match likelihood evaluated under full-sample fitted parameters
2021-10-13,M0_inverse_age_order,5398,1118,-2556.3214262906404,0.0,,,True,False,held-out match likelihood evaluated under full-sample fitted parameters
2021-10-13,M1_inverse_age_order_hard_late,5398,1118,-2554.0818513983622,0.037095663316977355,25.50620664906055,,True,False,held-out match likelihood evaluated under full-sample fitted parameters
2021-10-13,M2_inverse_age_order_smooth_ramp,5398,1118,-2554.213617640565,0.05648262286251054,20.967386784775137,10.074864751764416,True,False,held-out match likelihood evaluated under full-sample fitted parameters
2021-10-16,M0_inverse_age_order,5398,1078,-2538.482488918197,0.0,,,True,False,held-out match likelihood evaluated under full-sample fitted parameters
2021-10-16,M1_inverse_age_order_hard_late,5398,1078,-2538.794302826146,0.037095663316977355,25.50620664906055,,True,False,held-out match likelihood evaluated under full-sample fitted parameters
2021-10-16,M2_inverse_age_order_smooth_ramp,5398,1078,-2538.1936631733092,0.05648262286251054,20.967386784775137,10.074864751764416,True,False,held-out match likelihood evaluated under full-sample fitted parameters
2021-10-17,M0_inverse_age_order,5398,1003,-2419.070851167692,0.0,,,True,False,held-out match likelihood evaluated under full-sample fitted parameters
2021-10-17,M1_inverse_age_order_hard_late,5398,1003,-2416.644494401478,0.037095663316977355,25.50620664906055,,True,False,held-out match likelihood evaluated under full-sample fitted parameters
2021-10-17,M2_inverse_age_order_smooth_ramp,5398,1003,-2416.6007948385086,0.05648262286251054,20.967386784775137,10.074864751764416,True,False,held-out match likelihood evaluated under full-sample fitted parameters
2021-11-07,M0_inverse_age_order,10776,2070,-4886.792177091566,0.0,,,True,False,held-out match likelihood evaluated under full-sample fitted parameters
2021-11-07,M1_inverse_age_order_hard_late,10776,2070,-4884.666718082731,0.037095663316977355,25.50620664906055,,True,False,held-out match likelihood evaluated under full-sample fitted parameters
2021-11-07,M2_inverse_age_order_smooth_ramp,10776,2070,-4883.760166950466,0.05648262286251054,20.967386784775137,10.074864751764416,True,False,held-out match likelihood evaluated under full-sample fitted parameters
2021-11-13,M0_inverse_age_order,10768,2020,-4805.891728514693,0.0,,,True,False,held-out match likelihood evaluated under full-sample fitted parameters
2021-11-13,M1_inverse_age_order_hard_late,10768,2020,-4804.189686374284,0.037095663316977355,25.50620664906055,,True,False,held-out match likelihood evaluated under full-sample fitted parameters
2021-11-13,M2_inverse_age_order_smooth_ramp,10768,2020,-4804.782485084809,0.05648262286251054,20.967386784775137,10.074864751764416,True,False,held-out match likelihood evaluated under full-sample fitted parameters
