bootstrap,model,success,message,q,tc,tau_q,log_likelihood_weighted,tau_at_lower_bound,tau_at_upper_bound
0,M1_inverse_age_order_hard_late,True,CONVERGENCE: REL_REDUCTION_OF_F_<=_FACTR*EPSMCH,0.038772510667616056,25.40405573941948,,-166638.73109302457,False,False
0,M2_inverse_age_order_smooth_ramp,True,CONVERGENCE: REL_REDUCTION_OF_F_<=_FACTR*EPSMCH,0.16154257215784587,16.554330332279317,59.999999999999986,-166630.8721206196,False,True
1,M1_inverse_age_order_hard_late,True,CONVERGENCE: REL_REDUCTION_OF_F_<=_FACTR*EPSMCH,0.03648108163041706,25.87338805483278,,-166148.44790361752,False,False
1,M2_inverse_age_order_smooth_ramp,True,CONVERGENCE: REL_REDUCTION_OF_F_<=_FACTR*EPSMCH,0.1454288673927705,15.0,59.999999999999986,-166128.21208828685,False,True
2,M1_inverse_age_order_hard_late,True,CONVERGENCE: REL_REDUCTION_OF_F_<=_FACTR*EPSMCH,0.032002174547278855,25.324620100465133,,-168257.63438838883,False,False
2,M2_inverse_age_order_smooth_ramp,True,CONVERGENCE: REL_REDUCTION_OF_F_<=_FACTR*EPSMCH,0.03107994943790811,24.232507978374073,0.5008611763609174,-168256.7172241973,True,False
3,M1_inverse_age_order_hard_late,True,CONVERGENCE: REL_REDUCTION_OF_F_<=_FACTR*EPSMCH,0.03743450650166273,25.761463527671186,,-166683.60802821463,False,False
3,M2_inverse_age_order_smooth_ramp,True,CONVERGENCE: REL_REDUCTION_OF_F_<=_FACTR*EPSMCH,0.07563050196117936,20.784592161862324,16.524209544393155,-166680.1034802907,False,False
4,M1_inverse_age_order_hard_late,True,CONVERGENCE: REL_REDUCTION_OF_F_<=_FACTR*EPSMCH,0.03691668927085444,25.739864438150555,,-156624.49687136125,False,False
4,M2_inverse_age_order_smooth_ramp,True,CONVERGENCE: REL_REDUCTION_OF_F_<=_FACTR*EPSMCH,0.05217973123417283,20.818242349600194,8.485118706751582,-156618.0977862893,False,False
5,M1_inverse_age_order_hard_late,True,CONVERGENCE: REL_REDUCTION_OF_F_<=_FACTR*EPSMCH,0.03506570998778668,25.579537927547516,,-162303.42861494064,False,False
5,M2_inverse_age_order_smooth_ramp,True,CONVERGENCE: REL_REDUCTION_OF_F_<=_FACTR*EPSMCH,0.04619650738829881,20.778003091279643,7.21076108598621,-162296.21306313243,False,False
6,M1_inverse_age_order_hard_late,True,CONVERGENCE: REL_REDUCTION_OF_F_<=_FACTR*EPSMCH,0.03853853534868874,25.765031517041308,,-162922.2139866138,False,False
6,M2_inverse_age_order_smooth_ramp,True,CONVERGENCE: REL_REDUCTION_OF_F_<=_FACTR*EPSMCH,0.038922528073382784,25.32364767856751,0.5,-162922.73379790314,True,False
7,M1_inverse_age_order_hard_late,True,CONVERGENCE: REL_REDUCTION_OF_F_<=_FACTR*EPSMCH,0.02878448843262099,24.690157334856696,,-167888.41795212368,False,False
7,M2_inverse_age_order_smooth_ramp,True,CONVERGENCE: REL_REDUCTION_OF_F_<=_FACTR*EPSMCH,0.04667362916929949,20.4989719641765,10.355914805308414,-167884.58568382676,False,False
8,M1_inverse_age_order_hard_late,True,CONVERGENCE: REL_REDUCTION_OF_F_<=_FACTR*EPSMCH,0.04166110028257593,25.406452671342688,,-158422.42189272164,False,False
8,M2_inverse_age_order_smooth_ramp,True,CONVERGENCE: REL_REDUCTION_OF_F_<=_FACTR*EPSMCH,0.04868781263198258,21.624872760818867,4.4638670461471,-158415.07988022827,False,False
9,M1_inverse_age_order_hard_late,True,CONVERGENCE: REL_REDUCTION_OF_F_<=_FACTR*EPSMCH,0.03837443955829376,25.397369539243037,,-171849.29865204648,False,False
9,M2_inverse_age_order_smooth_ramp,True,CONVERGENCE: REL_REDUCTION_OF_F_<=_FACTR*EPSMCH,0.04424430240351255,20.767429511622787,4.6381570361558975,-171837.52918377833,False,False
10,M1_inverse_age_order_hard_late,True,CONVERGENCE: REL_REDUCTION_OF_F_<=_FACTR*EPSMCH,0.03904498468813264,25.434042562945695,,-158445.5010750879,False,False
10,M2_inverse_age_order_smooth_ramp,True,CONVERGENCE: REL_REDUCTION_OF_F_<=_FACTR*EPSMCH,0.0459465074384538,20.93817900392914,5.670715286654554,-158441.84675438545,False,False
11,M1_inverse_age_order_hard_late,True,CONVERGENCE: REL_REDUCTION_OF_F_<=_FACTR*EPSMCH,0.03894006456478352,25.71749527528322,,-177684.57266023083,False,False
11,M2_inverse_age_order_smooth_ramp,True,CONVERGENCE: REL_REDUCTION_OF_F_<=_FACTR*EPSMCH,0.07279884874543215,21.89324263254659,13.365995715626966,-177685.54519393595,False,False
12,M1_inverse_age_order_hard_late,True,CONVERGENCE: REL_REDUCTION_OF_F_<=_FACTR*EPSMCH,0.0335987551403484,25.454819664494845,,-165966.00541178472,False,False
12,M2_inverse_age_order_smooth_ramp,True,CONVERGENCE: REL_REDUCTION_OF_F_<=_FACTR*EPSMCH,0.048198781176474,22.56410694842749,6.709860888545427,-165963.20131910438,False,False
13,M1_inverse_age_order_hard_late,True,CONVERGENCE: REL_REDUCTION_OF_F_<=_FACTR*EPSMCH,0.03571661114160852,25.47281537892306,,-180629.02073376274,False,False
13,M2_inverse_age_order_smooth_ramp,True,CONVERGENCE: REL_REDUCTION_OF_F_<=_FACTR*EPSMCH,0.03583540399189696,25.007296447217243,0.5,-180629.28989096396,True,False
14,M1_inverse_age_order_hard_late,True,CONVERGENCE: REL_REDUCTION_OF_F_<=_FACTR*EPSMCH,0.03338789028220065,25.383612524654968,,-169333.9519778089,False,False
14,M2_inverse_age_order_smooth_ramp,True,CONVERGENCE: REL_REDUCTION_OF_F_<=_FACTR*EPSMCH,0.03605463742513979,22.44856709539141,3.0854233612623205,-169332.02019454524,False,False
15,M1_inverse_age_order_hard_late,True,CONVERGENCE: REL_REDUCTION_OF_F_<=_FACTR*EPSMCH,0.040475092476569184,25.44736854177125,,-153775.47165923985,False,False
15,M2_inverse_age_order_smooth_ramp,True,CONVERGENCE: REL_REDUCTION_OF_F_<=_FACTR*EPSMCH,0.05031147336763113,22.73505593716285,4.557132832405261,-153772.96764332752,False,False
16,M1_inverse_age_order_hard_late,True,CONVERGENCE: REL_REDUCTION_OF_F_<=_FACTR*EPSMCH,0.04266066233411056,24.680509897141068,,-181681.00050063233,False,False
16,M2_inverse_age_order_smooth_ramp,True,CONVERGENCE: REL_REDUCTION_OF_F_<=_FACTR*EPSMCH,0.055416955135627624,21.83266830098726,5.42911435571518,-181679.51210624207,False,False
17,M1_inverse_age_order_hard_late,True,CONVERGENCE: REL_REDUCTION_OF_F_<=_FACTR*EPSMCH,0.03537528794345878,25.74563439992369,,-158529.70674329204,False,False
17,M2_inverse_age_order_smooth_ramp,True,CONVERGENCE: REL_REDUCTION_OF_F_<=_FACTR*EPSMCH,0.10254914434785148,17.586263021954704,35.39176145454705,-158520.996714718,False,False
18,M1_inverse_age_order_hard_late,True,CONVERGENCE: REL_REDUCTION_OF_F_<=_FACTR*EPSMCH,0.032165519556024036,26.000296373249647,,-167556.0048743862,False,False
18,M2_inverse_age_order_smooth_ramp,True,CONVERGENCE: REL_REDUCTION_OF_F_<=_FACTR*EPSMCH,0.15178752837123036,18.092148356888746,59.999999999999986,-167546.48001995252,False,True
19,M1_inverse_age_order_hard_late,True,CONVERGENCE: REL_REDUCTION_OF_F_<=_FACTR*EPSMCH,0.03956836001093459,25.154806988623406,,-162049.84332995128,False,False
19,M2_inverse_age_order_smooth_ramp,True,CONVERGENCE: REL_REDUCTION_OF_F_<=_FACTR*EPSMCH,0.05261020928848548,22.03851933927404,5.847885738771868,-162047.11693375086,False,False
20,M1_inverse_age_order_hard_late,True,CONVERGENCE: REL_REDUCTION_OF_F_<=_FACTR*EPSMCH,0.04226944044470046,25.380994228625934,,-165355.1648320889,False,False
20,M2_inverse_age_order_smooth_ramp,True,CONVERGENCE: REL_REDUCTION_OF_F_<=_FACTR*EPSMCH,0.07412197024310978,20.78354906976363,12.628376099116611,-165350.8261327122,False,False
21,M1_inverse_age_order_hard_late,True,CONVERGENCE: REL_REDUCTION_OF_F_<=_FACTR*EPSMCH,0.036490981656032796,25.682309774044935,,-158477.3943403613,False,False
21,M2_inverse_age_order_smooth_ramp,True,CONVERGENCE: REL_REDUCTION_OF_F_<=_FACTR*EPSMCH,0.054854157630869156,20.366011363729925,11.269045835223729,-158476.81467479034,False,False
22,M1_inverse_age_order_hard_late,True,CONVERGENCE: REL_REDUCTION_OF_F_<=_FACTR*EPSMCH,0.04004000081198143,25.481997380793214,,-166345.11812466593,False,False
22,M2_inverse_age_order_smooth_ramp,True,CONVERGENCE: REL_REDUCTION_OF_F_<=_FACTR*EPSMCH,0.07900197297514198,21.828078445780037,12.375113169623209,-166335.28567949016,False,False
23,M1_inverse_age_order_hard_late,True,CONVERGENCE: REL_REDUCTION_OF_F_<=_FACTR*EPSMCH,0.043512909211224436,25.550242639939672,,-177684.46740547038,False,False
23,M2_inverse_age_order_smooth_ramp,True,CONVERGENCE: REL_REDUCTION_OF_F_<=_FACTR*EPSMCH,0.07465447990030569,20.561485203389754,12.054808411883766,-177674.05897200803,False,False
24,M1_inverse_age_order_hard_late,True,CONVERGENCE: REL_REDUCTION_OF_F_<=_FACTR*EPSMCH,0.04735702920213739,25.685318501799923,,-160457.80216325077,False,False
24,M2_inverse_age_order_smooth_ramp,True,CONVERGENCE: REL_REDUCTION_OF_F_<=_FACTR*EPSMCH,0.0932800761740805,20.814571312328674,15.149505936614784,-160450.69822448443,False,False
25,M1_inverse_age_order_hard_late,True,CONVERGENCE: REL_REDUCTION_OF_F_<=_FACTR*EPSMCH,0.03215912190963249,25.590593033503964,,-153722.09214992734,False,False
25,M2_inverse_age_order_smooth_ramp,True,CONVERGENCE: REL_REDUCTION_OF_F_<=_FACTR*EPSMCH,0.06471350833701887,20.641021113757418,17.313908669929397,-153721.80428802033,False,False
26,M1_inverse_age_order_hard_late,True,CONVERGENCE: REL_REDUCTION_OF_F_<=_FACTR*EPSMCH,0.03831404455802452,25.374293865927246,,-167112.03905849232,False,False
26,M2_inverse_age_order_smooth_ramp,True,CONVERGENCE: REL_REDUCTION_OF_F_<=_FACTR*EPSMCH,0.13676200512568285,20.33776898069796,36.36013057071334,-167110.26802671375,False,False
27,M1_inverse_age_order_hard_late,True,CONVERGENCE: REL_REDUCTION_OF_F_<=_FACTR*EPSMCH,0.03453369081793555,25.19064131857035,,-168281.62332899272,False,False
27,M2_inverse_age_order_smooth_ramp,True,CONVERGENCE: REL_REDUCTION_OF_F_<=_FACTR*EPSMCH,0.03785577740337549,21.971072060183158,2.8140953114048917,-168273.33866136364,False,False
28,M1_inverse_age_order_hard_late,True,CONVERGENCE: REL_REDUCTION_OF_F_<=_FACTR*EPSMCH,0.034786355693830116,25.66661062238953,,-167616.3148665083,False,False
28,M2_inverse_age_order_smooth_ramp,True,CONVERGENCE: REL_REDUCTION_OF_F_<=_FACTR*EPSMCH,0.03980537920508606,22.970852102943827,4.040784296941649,-167618.30732358468,False,False
29,M1_inverse_age_order_hard_late,True,CONVERGENCE: REL_REDUCTION_OF_F_<=_FACTR*EPSMCH,0.03560735628171545,25.999999795943094,,-141037.4484465678,False,False
29,M2_inverse_age_order_smooth_ramp,True,CONVERGENCE: REL_REDUCTION_OF_F_<=_FACTR*EPSMCH,0.03823649540874148,22.187747832452697,3.503544877231396,-141034.73646111018,False,False
30,M1_inverse_age_order_hard_late,True,CONVERGENCE: REL_REDUCTION_OF_F_<=_FACTR*EPSMCH,0.03638793979930854,25.370296359383687,,-173877.10107330812,False,False
30,M2_inverse_age_order_smooth_ramp,True,CONVERGENCE: REL_REDUCTION_OF_F_<=_FACTR*EPSMCH,0.04914070570690692,21.048644378263855,7.595918015121131,-173874.32688916387,False,False
31,M1_inverse_age_order_hard_late,True,CONVERGENCE: NORM_OF_PROJECTED_GRADIENT_<=_PGTOL,0.035308563857778905,25.50896561740265,,-163723.9303861872,False,False
31,M2_inverse_age_order_smooth_ramp,True,CONVERGENCE: REL_REDUCTION_OF_F_<=_FACTR*EPSMCH,0.16655865331773673,18.88835779867574,59.999999999999986,-163722.79158098524,False,True
32,M1_inverse_age_order_hard_late,True,CONVERGENCE: REL_REDUCTION_OF_F_<=_FACTR*EPSMCH,0.04158461611629215,25.77606988222538,,-172635.85069125576,False,False
32,M2_inverse_age_order_smooth_ramp,True,CONVERGENCE: REL_REDUCTION_OF_F_<=_FACTR*EPSMCH,0.06582096374840168,21.46905185781934,11.155548801140917,-172639.65984536507,False,False
33,M1_inverse_age_order_hard_late,True,CONVERGENCE: REL_REDUCTION_OF_F_<=_FACTR*EPSMCH,0.03528428098649792,25.48855877943956,,-162427.20497925865,False,False
33,M2_inverse_age_order_smooth_ramp,True,CONVERGENCE: REL_REDUCTION_OF_F_<=_FACTR*EPSMCH,0.037897976892349895,22.095460928821407,3.2834071153072797,-162423.43336844936,False,False
34,M1_inverse_age_order_hard_late,True,CONVERGENCE: REL_REDUCTION_OF_F_<=_FACTR*EPSMCH,0.04015644548458986,25.326605552218062,,-145874.3734859104,False,False
34,M2_inverse_age_order_smooth_ramp,True,CONVERGENCE: REL_REDUCTION_OF_F_<=_FACTR*EPSMCH,0.06142324024172353,18.93902170065994,13.385565554762186,-145873.21986234465,False,False
35,M1_inverse_age_order_hard_late,True,CONVERGENCE: REL_REDUCTION_OF_F_<=_FACTR*EPSMCH,0.04379400167699412,25.369743575689906,,-158486.10957665526,False,False
35,M2_inverse_age_order_smooth_ramp,True,CONVERGENCE: REL_REDUCTION_OF_F_<=_FACTR*EPSMCH,0.2413963340994257,20.26763847106059,59.999999999999986,-158485.24502187557,False,True
36,M1_inverse_age_order_hard_late,True,CONVERGENCE: REL_REDUCTION_OF_F_<=_FACTR*EPSMCH,0.03546916169797054,25.451612013028793,,-159416.9649594866,False,False
36,M2_inverse_age_order_smooth_ramp,True,CONVERGENCE: REL_REDUCTION_OF_F_<=_FACTR*EPSMCH,0.048020810904043976,21.531725296564158,7.290100213136469,-159415.4736539074,False,False
37,M1_inverse_age_order_hard_late,True,CONVERGENCE: REL_REDUCTION_OF_F_<=_FACTR*EPSMCH,0.041996296168702714,25.343663461092618,,-161614.97475791007,False,False
37,M2_inverse_age_order_smooth_ramp,True,CONVERGENCE: REL_REDUCTION_OF_F_<=_FACTR*EPSMCH,0.09537045259586528,19.279087894919293,21.87549180264783,-161609.91656931845,False,False
38,M1_inverse_age_order_hard_late,True,CONVERGENCE: REL_REDUCTION_OF_F_<=_FACTR*EPSMCH,0.038785619438640465,25.84377332895989,,-162793.0467916875,False,False
38,M2_inverse_age_order_smooth_ramp,True,CONVERGENCE: REL_REDUCTION_OF_F_<=_FACTR*EPSMCH,0.0889978192427543,20.191964184192408,22.513315000265145,-162794.26366037727,False,False
39,M1_inverse_age_order_hard_late,True,CONVERGENCE: REL_REDUCTION_OF_F_<=_FACTR*EPSMCH,0.03967990258388035,25.726241200508927,,-157710.79162655777,False,False
39,M2_inverse_age_order_smooth_ramp,True,CONVERGENCE: REL_REDUCTION_OF_F_<=_FACTR*EPSMCH,0.1771363826757088,17.75966774434707,59.999999999999986,-157703.5768616738,False,True
