heldout_physical_match_id,state_definition,hazard_model,log_likelihood_train,n_fit_intervals,n_fit_deaths,optimizer_success,optimizer_message,mu,a0,phi_low,phi_mid,phi_high,q,tc,tau_q
2020__2020-07-03,S0_raw,age_only,-163302.62659807323,347445,68110,True,CONVERGENCE: RELATIVE REDUCTION OF F <= FACTR*EPSMCH,1.3322281335952797,2.5532817233254104,1.0,1.0,1.0,0.0,25.0,5.0
2020__2020-07-03,S0_raw,age_order,-161541.60201812428,347445,68110,True,CONVERGENCE: RELATIVE REDUCTION OF F <= FACTR*EPSMCH,1.918874154175116,4.790070155495016,1.3064867528133348,1.0,0.6689546673891393,0.0,25.0,5.0
2020__2020-07-03,S0_raw,full,-161067.03238988027,347445,68110,True,CONVERGENCE: RELATIVE REDUCTION OF F <= FACTR*EPSMCH; late residual fitted on training-only age+order base,1.918874154175116,4.790070155495016,1.3064867528133348,1.0,0.6689546673891393,0.1038436159416504,20.0,4.999999999999999
2020__2020-07-04,S0_raw,age_only,-163464.04476314326,347432,68263,True,CONVERGENCE: RELATIVE REDUCTION OF F <= FACTR*EPSMCH,1.3313429701852164,2.542466915596855,1.0,1.0,1.0,0.0,25.0,5.0
2020__2020-07-04,S0_raw,age_order,-161682.95213989713,347432,68263,True,CONVERGENCE: RELATIVE REDUCTION OF F <= FACTR*EPSMCH,1.9227457986452636,4.781702235407876,1.3055682070723962,1.0,0.6660560959754163,0.0,25.0,5.0
2020__2020-07-04,S0_raw,full,-161211.35794582995,347432,68263,True,CONVERGENCE: NORM OF PROJECTED GRADIENT <= PGTOL; late residual fitted on training-only age+order base,1.9227457986452636,4.781702235407876,1.3055682070723962,1.0,0.6660560959754163,0.103269594402468,20.0,4.999999999999999
2020__2020-07-10,S0_raw,age_only,-163504.23818694093,347452,68292,True,CONVERGENCE: RELATIVE REDUCTION OF F <= FACTR*EPSMCH,1.3297160796537932,2.535411375419736,1.0,1.0,1.0,0.0,25.0,5.0
2020__2020-07-10,S0_raw,age_order,-161738.44620348,347452,68292,True,CONVERGENCE: RELATIVE REDUCTION OF F <= FACTR*EPSMCH,1.9121362150221897,4.75838075658146,1.309297952257355,1.0,0.670420095966494,0.0,25.0,5.0
2020__2020-07-10,S0_raw,full,-161258.59704233726,347452,68292,True,CONVERGENCE: NORM OF PROJECTED GRADIENT <= PGTOL; late residual fitted on training-only age+order base,1.9121362150221897,4.75838075658146,1.309297952257355,1.0,0.670420095966494,0.1046788567324109,20.0,4.999999999999999
2020__2020-07-11,S0_raw,age_only,-163370.8054477449,347404,68199,True,CONVERGENCE: RELATIVE REDUCTION OF F <= FACTR*EPSMCH,1.3295331053240076,2.5386623634469774,1.0,1.0,1.0,0.0,25.0,5.0
2020__2020-07-11,S0_raw,age_order,-161595.58238375554,347404,68199,True,CONVERGENCE: RELATIVE REDUCTION OF F <= FACTR*EPSMCH,1.9183787622852269,4.779391896581129,1.30775552774579,1.0,0.6675934993879239,0.0,25.0,5.0
2020__2020-07-11,S0_raw,full,-161121.63080771928,347404,68199,True,CONVERGENCE: RELATIVE REDUCTION OF F <= FACTR*EPSMCH; late residual fitted on training-only age+order base,1.9183787622852269,4.779391896581129,1.30775552774579,1.0,0.6675934993879239,0.1038778299148223,20.0,4.999999999999999
2020__2020-07-18,S0_raw,age_only,-163409.8645932899,347407,68260,True,CONVERGENCE: RELATIVE REDUCTION OF F <= FACTR*EPSMCH,1.3282635727267749,2.53040224382556,1.0,1.0,1.0,0.0,25.0,5.0
2020__2020-07-18,S0_raw,age_order,-161648.4245049694,347407,68260,True,CONVERGENCE: RELATIVE REDUCTION OF F <= FACTR*EPSMCH,1.909676811748924,4.741747173346904,1.3071126557415025,1.0,0.6694886344786151,0.0,25.0,5.0
2020__2020-07-18,S0_raw,full,-161169.50546370985,347407,68260,True,CONVERGENCE: RELATIVE REDUCTION OF F <= FACTR*EPSMCH; late residual fitted on training-only age+order base,1.909676811748924,4.741747173346904,1.3071126557415025,1.0,0.6694886344786151,0.103985755119642,20.0,4.999999999999999
2020__2020-07-19,S0_raw,age_only,-163672.39876156097,347445,68379,True,CONVERGENCE: RELATIVE REDUCTION OF F <= FACTR*EPSMCH,1.3345540742508448,2.5500844686795987,1.0,1.0,1.0,0.0,25.0,5.0
2020__2020-07-19,S0_raw,age_order,-161921.01774985567,347445,68379,True,CONVERGENCE: RELATIVE REDUCTION OF F <= FACTR*EPSMCH,1.9167727891763369,4.776745550926783,1.3091941610560072,1.0,0.6729225102399745,0.0,25.0,5.0
2020__2020-07-19,S0_raw,full,-161453.32624207943,347445,68379,True,CONVERGENCE: RELATIVE REDUCTION OF F <= FACTR*EPSMCH; late residual fitted on training-only age+order base,1.9167727891763369,4.776745550926783,1.3091941610560072,1.0,0.6729225102399745,0.1036529471825052,20.0,4.999999999999999
2020__2020-07-24,S0_raw,age_only,-163393.49489379587,347536,68172,True,CONVERGENCE: RELATIVE REDUCTION OF F <= FACTR*EPSMCH,1.3318050474628251,2.550034020457495,1.0,1.0,1.0,0.0,25.0,5.0
2020__2020-07-24,S0_raw,age_order,-161634.57970845018,347536,68172,True,CONVERGENCE: RELATIVE REDUCTION OF F <= FACTR*EPSMCH,1.9145072448335192,4.77815307652522,1.3083521518216863,1.0,0.6706887512148411,0.0,25.0,5.0
2020__2020-07-24,S0_raw,full,-161166.2021803805,347536,68172,True,CONVERGENCE: NORM OF PROJECTED GRADIENT <= PGTOL; late residual fitted on training-only age+order base,1.9145072448335192,4.77815307652522,1.3083521518216863,1.0,0.6706887512148411,0.1028684637819636,20.0,4.999999999999999
2020__2020-07-25,S0_raw,age_only,-163459.92360512464,347425,68292,True,CONVERGENCE: RELATIVE REDUCTION OF F <= FACTR*EPSMCH,1.3285761052704652,2.53037947668528,1.0,1.0,1.0,0.0,25.0,5.0
2020__2020-07-25,S0_raw,age_order,-161684.58078357927,347425,68292,True,CONVERGENCE: RELATIVE REDUCTION OF F <= FACTR*EPSMCH,1.911909680879962,4.752294850726232,1.3091633629648476,1.0,0.6689350353771243,0.0,25.0,5.0
2020__2020-07-25,S0_raw,full,-161210.58497426638,347425,68292,True,CONVERGENCE: NORM OF PROJECTED GRADIENT <= PGTOL; late residual fitted on training-only age+order base,1.911909680879962,4.752294850726232,1.3091633629648476,1.0,0.6689350353771243,0.1035245183376391,20.0,4.999999999999999
2020__2020-08-01,S0_raw,age_only,-163446.8945212564,347471,68215,True,CONVERGENCE: RELATIVE REDUCTION OF F <= FACTR*EPSMCH,1.334002787234694,2.5545613842688293,1.0,1.0,1.0,0.0,25.0,5.0
2020__2020-08-01,S0_raw,age_order,-161669.00894655162,347471,68215,True,CONVERGENCE: RELATIVE REDUCTION OF F <= FACTR*EPSMCH,1.9239920131304824,4.804169386106379,1.3084347947288344,1.0,0.6681148669627391,0.0,25.0,5.0
2020__2020-08-01,S0_raw,full,-161189.685195891,347471,68215,True,CONVERGENCE: NORM OF PROJECTED GRADIENT <= PGTOL; late residual fitted on training-only age+order base,1.9239920131304824,4.804169386106379,1.3084347947288344,1.0,0.6681148669627391,0.1046873314281266,20.0,4.999999999999999
2020__2020-08-02,S0_raw,age_only,-163471.3203368235,347428,68257,True,CONVERGENCE: RELATIVE REDUCTION OF F <= FACTR*EPSMCH,1.3331902720384614,2.5498235446427047,1.0,1.0,1.0,0.0,25.0,5.0
2020__2020-08-02,S0_raw,age_order,-161705.25806184855,347428,68257,True,CONVERGENCE: RELATIVE REDUCTION OF F <= FACTR*EPSMCH,1.919919471174949,4.782325893249893,1.3067875700674425,1.0,0.6689855404720296,0.0,25.0,5.0
2020__2020-08-02,S0_raw,full,-161242.57468563344,347428,68257,True,CONVERGENCE: NORM OF PROJECTED GRADIENT <= PGTOL; late residual fitted on training-only age+order base,1.919919471174949,4.782325893249893,1.3067875700674425,1.0,0.6689855404720296,0.1022660917693336,20.0,4.999999999999999
2020__2020-08-07,S0_raw,age_only,-163550.4970610613,347445,68294,True,CONVERGENCE: RELATIVE REDUCTION OF F <= FACTR*EPSMCH,1.3335836304233637,2.550172925214311,1.0,1.0,1.0,0.0,25.0,5.0
2020__2020-08-07,S0_raw,age_order,-161795.44664826014,347445,68294,True,CONVERGENCE: RELATIVE REDUCTION OF F <= FACTR*EPSMCH,1.918368964940264,4.7714334214001735,1.3051092003213718,1.0,0.6698691813472827,0.0,25.0,5.0
2020__2020-08-07,S0_raw,full,-161323.12664201937,347445,68294,True,CONVERGENCE: NORM OF PROJECTED GRADIENT <= PGTOL; late residual fitted on training-only age+order base,1.918368964940264,4.7714334214001735,1.3051092003213718,1.0,0.6698691813472827,0.1039160787192807,20.0,4.999999999999999
2020__2020-08-08,S0_raw,age_only,-163297.79870703258,347410,68122,True,CONVERGENCE: RELATIVE REDUCTION OF F <= FACTR*EPSMCH,1.3320340459721716,2.551899006849817,1.0,1.0,1.0,0.0,25.0,5.0
2020__2020-08-08,S0_raw,age_order,-161543.91525526225,347410,68122,True,CONVERGENCE: RELATIVE REDUCTION OF F <= FACTR*EPSMCH,1.9152692606750343,4.772750139261694,1.3053404771409345,1.0,0.6695955230149775,0.0,25.0,5.0
2020__2020-08-08,S0_raw,full,-161079.66832097978,347410,68122,True,CONVERGENCE: RELATIVE REDUCTION OF F <= FACTR*EPSMCH; late residual fitted on training-only age+order base,1.9152692606750343,4.772750139261694,1.3053404771409345,1.0,0.6695955230149775,0.1023777341818747,20.0,4.999999999999999
2020__2020-08-12,S0_raw,age_only,-163596.73249661323,347647,68306,True,CONVERGENCE: RELATIVE REDUCTION OF F <= FACTR*EPSMCH,1.3334112104782847,2.550754404818196,1.0,1.0,1.0,0.0,25.0,5.0
2020__2020-08-12,S0_raw,age_order,-161857.8040145225,347647,68306,True,CONVERGENCE: RELATIVE REDUCTION OF F <= FACTR*EPSMCH,1.9118899260719688,4.76089162426756,1.306909620711488,1.0,0.6731082321095668,0.0,25.0,5.0
2020__2020-08-12,S0_raw,full,-161388.6641211081,347647,68306,True,CONVERGENCE: RELATIVE REDUCTION OF F <= FACTR*EPSMCH; late residual fitted on training-only age+order base,1.9118899260719688,4.76089162426756,1.306909620711488,1.0,0.6731082321095668,0.1031689034039084,20.0,4.999999999999999
2020__2020-08-16,S0_raw,age_only,-161001.2855569845,342006,67251,True,CONVERGENCE: RELATIVE REDUCTION OF F <= FACTR*EPSMCH,1.3347957089370643,2.5528919266000463,1.0,1.0,1.0,0.0,25.0,5.0
2020__2020-08-16,S0_raw,age_order,-159241.56675160365,342006,67251,True,CONVERGENCE: RELATIVE REDUCTION OF F <= FACTR*EPSMCH,1.93028622333355,4.80946252325293,1.306411109175067,1.0,0.6656855706275929,0.0,25.0,5.0
2020__2020-08-16,S0_raw,full,-158784.33036439787,342006,67251,True,CONVERGENCE: RELATIVE REDUCTION OF F <= FACTR*EPSMCH; late residual fitted on training-only age+order base,1.93028622333355,4.80946252325293,1.306411109175067,1.0,0.6656855706275929,0.1025219398493994,20.0,4.999999999999999
2020__2020-08-22,S0_raw,age_only,-163393.30433242282,347398,68205,True,CONVERGENCE: RELATIVE REDUCTION OF F <= FACTR*EPSMCH,1.3308484479399714,2.543485793193255,1.0,1.0,1.0,0.0,25.0,5.0
2020__2020-08-22,S0_raw,age_order,-161638.82806710215,347398,68205,True,CONVERGENCE: RELATIVE REDUCTION OF F <= FACTR*EPSMCH,1.9137845212519908,4.7649577531120855,1.3066691501440435,1.0,0.6702156105119441,0.0,25.0,5.0
2020__2020-08-22,S0_raw,full,-161165.92409362007,347398,68205,True,CONVERGENCE: NORM OF PROJECTED GRADIENT <= PGTOL; late residual fitted on training-only age+order base,1.9137845212519908,4.7649577531120855,1.3066691501440435,1.0,0.6702156105119441,0.1036158183435202,20.0,4.999999999999999
2020__2020-08-26,S0_raw,age_only,-163501.48256520304,347410,68277,True,CONVERGENCE: RELATIVE REDUCTION OF F <= FACTR*EPSMCH,1.3320010725264202,2.544583291132047,1.0,1.0,1.0,0.0,25.0,5.0
2020__2020-08-26,S0_raw,age_order,-161734.188665083,347410,68277,True,CONVERGENCE: RELATIVE REDUCTION OF F <= FACTR*EPSMCH,1.915386077388274,4.771794555601845,1.3092355418926584,1.0,0.6704745844504052,0.0,25.0,5.0
2020__2020-08-26,S0_raw,full,-161263.4196763511,347410,68277,True,CONVERGENCE: RELATIVE REDUCTION OF F <= FACTR*EPSMCH; late residual fitted on training-only age+order base,1.915386077388274,4.771794555601845,1.3092355418926584,1.0,0.6704745844504052,0.1035701400668888,20.0,4.999999999999999
2020__2020-08-30,S0_raw,age_only,-161105.86127991046,342118,67281,True,CONVERGENCE: RELATIVE REDUCTION OF F <= FACTR*EPSMCH,1.3370794023330923,2.5609983364350213,1.0,1.0,1.0,0.0,25.0,5.0
2020__2020-08-30,S0_raw,age_order,-159387.06937912645,342118,67281,True,CONVERGENCE: RELATIVE REDUCTION OF F <= FACTR*EPSMCH,1.9199567544508105,4.779760099665532,1.3054158747161706,1.0,0.6715731724479503,0.0,25.0,5.0
2020__2020-08-30,S0_raw,full,-158924.41734975373,342118,67281,True,CONVERGENCE: NORM OF PROJECTED GRADIENT <= PGTOL; late residual fitted on training-only age+order base,1.9199567544508105,4.779760099665532,1.3054158747161706,1.0,0.6715731724479503,0.1037577382168349,20.0,4.999999999999999
2020__2020-09-05,S0_raw,age_only,-163380.2992984238,347431,68199,True,CONVERGENCE: RELATIVE REDUCTION OF F <= FACTR*EPSMCH,1.3293622329767207,2.538477883348873,1.0,1.0,1.0,0.0,25.0,5.0
2020__2020-09-05,S0_raw,age_order,-161608.74798147747,347431,68199,True,CONVERGENCE: RELATIVE REDUCTION OF F <= FACTR*EPSMCH,1.914022177137507,4.769608236713186,1.3090060449976697,1.0,0.6691578695384305,0.0,25.0,5.0
2020__2020-09-05,S0_raw,full,-161130.76079624778,347431,68199,True,CONVERGENCE: NORM OF PROJECTED GRADIENT <= PGTOL; late residual fitted on training-only age+order base,1.914022177137507,4.769608236713186,1.3090060449976697,1.0,0.6691578695384305,0.104226540184122,20.0,4.999999999999999
2020__2020-09-12,S0_raw,age_only,-163512.3080378853,347406,68273,True,CONVERGENCE: RELATIVE REDUCTION OF F <= FACTR*EPSMCH,1.3341649696640951,2.5529265360430795,1.0,1.0,1.0,0.0,25.0,5.0
2020__2020-09-12,S0_raw,age_order,-161759.5238285301,347406,68273,True,CONVERGENCE: RELATIVE REDUCTION OF F <= FACTR*EPSMCH,1.9193531683029408,4.7783838159719165,1.3055280738800843,1.0,0.6701588223162646,0.0,25.0,5.0
2020__2020-09-12,S0_raw,full,-161291.72691664496,347406,68273,True,CONVERGENCE: RELATIVE REDUCTION OF F <= FACTR*EPSMCH; late residual fitted on training-only age+order base,1.9193531683029408,4.7783838159719165,1.3055280738800843,1.0,0.6701588223162646,0.1033634740008452,20.0,4.999999999999999
2020__2020-09-26,S0_raw,age_only,-163533.87256773267,347420,68279,True,CONVERGENCE: RELATIVE REDUCTION OF F <= FACTR*EPSMCH,1.3351182552185077,2.556367161919135,1.0,1.0,1.0,0.0,25.0,5.0
2020__2020-09-26,S0_raw,age_order,-161782.2827094016,347420,68279,True,CONVERGENCE: RELATIVE REDUCTION OF F <= FACTR*EPSMCH,1.9170178358487588,4.776218785280399,1.30700107211026,1.0,0.6716450162896908,0.0,25.0,5.0
2020__2020-09-26,S0_raw,full,-161320.58156489584,347420,68279,True,CONVERGENCE: RELATIVE REDUCTION OF F <= FACTR*EPSMCH; late residual fitted on training-only age+order base,1.9170178358487588,4.776218785280399,1.30700107211026,1.0,0.6716450162896908,0.1024832709021498,20.0,4.999999999999999
2020__2020-09-27,S0_raw,age_only,-163440.2863140496,347417,68243,True,CONVERGENCE: RELATIVE REDUCTION OF F <= FACTR*EPSMCH,1.3313840003901471,2.5435231479497737,1.0,1.0,1.0,0.0,25.0,5.0
2020__2020-09-27,S0_raw,age_order,-161673.35091218533,347417,68243,True,CONVERGENCE: RELATIVE REDUCTION OF F <= FACTR*EPSMCH,1.9169413863166465,4.769644943234668,1.306589539388451,1.0,0.6687376330179093,0.0,25.0,5.0
2020__2020-09-27,S0_raw,full,-161200.51915848395,347417,68243,True,CONVERGENCE: NORM OF PROJECTED GRADIENT <= PGTOL; late residual fitted on training-only age+order base,1.9169413863166465,4.769644943234668,1.306589539388451,1.0,0.6687376330179093,0.1036737467755213,20.0,4.999999999999999
2020__2020-10-04,S0_raw,age_only,-163435.1996618483,347446,68211,True,CONVERGENCE: RELATIVE REDUCTION OF F <= FACTR*EPSMCH,1.3323591628694698,2.5489487841735348,1.0,1.0,1.0,0.0,25.0,5.0
2020__2020-10-04,S0_raw,age_order,-161670.64232652297,347446,68211,True,CONVERGENCE: RELATIVE REDUCTION OF F <= FACTR*EPSMCH,1.9201325897580788,4.784624462817769,1.3062216635654502,1.0,0.6686178610323134,0.0,25.0,5.0
2020__2020-10-04,S0_raw,full,-161191.1900235751,347446,68211,True,CONVERGENCE: RELATIVE REDUCTION OF F <= FACTR*EPSMCH; late residual fitted on training-only age+order base,1.9201325897580788,4.784624462817769,1.3062216635654502,1.0,0.6686178610323134,0.1046158448114725,20.0,4.999999999999999
2020__2020-10-18,S0_raw,age_only,-160917.88847079576,342027,67176,True,CONVERGENCE: RELATIVE REDUCTION OF F <= FACTR*EPSMCH,1.333683191268551,2.552758473439894,1.0,1.0,1.0,0.0,25.0,5.0
2020__2020-10-18,S0_raw,age_order,-159183.657518684,342027,67176,True,CONVERGENCE: RELATIVE REDUCTION OF F <= FACTR*EPSMCH,1.9215777155343927,4.778500152716014,1.3034021343797446,1.0,0.66781064105493,0.0,25.0,5.0
2020__2020-10-18,S0_raw,full,-158728.59329815267,342027,67176,True,CONVERGENCE: RELATIVE REDUCTION OF F <= FACTR*EPSMCH; late residual fitted on training-only age+order base,1.9215777155343927,4.778500152716014,1.3034021343797446,1.0,0.66781064105493,0.1023457304601061,20.0,4.999999999999999
2020__2020-11-01,S0_raw,age_only,-161170.1097966466,342085,67358,True,CONVERGENCE: RELATIVE REDUCTION OF F <= FACTR*EPSMCH,1.3344496324181805,2.547556297069192,1.0,1.0,1.0,0.0,25.0,5.0
2020__2020-11-01,S0_raw,age_order,-159455.61961950522,342085,67358,True,CONVERGENCE: RELATIVE REDUCTION OF F <= FACTR*EPSMCH,1.9125658878900416,4.750844789626351,1.3067416426325813,1.0,0.6732069461111662,0.0,25.0,5.0
2020__2020-11-01,S0_raw,full,-158987.3065198981,342085,67358,True,CONVERGENCE: NORM OF PROJECTED GRADIENT <= PGTOL; late residual fitted on training-only age+order base,1.9125658878900416,4.750844789626351,1.3067416426325813,1.0,0.6732069461111662,0.1044236431712814,20.0,4.999999999999999
2020__2020-11-07,S0_raw,age_only,-160868.37946507416,342060,67121,True,CONVERGENCE: RELATIVE REDUCTION OF F <= FACTR*EPSMCH,1.3353049885218935,2.5610082327284744,1.0,1.0,1.0,0.0,25.0,5.0
2020__2020-11-07,S0_raw,age_order,-159145.23170264228,342060,67121,True,CONVERGENCE: RELATIVE REDUCTION OF F <= FACTR*EPSMCH,1.922267608251466,4.780477426154526,1.301129024429254,1.0,0.6680724750809962,0.0,25.0,5.0
2020__2020-11-07,S0_raw,full,-158674.0592638173,342060,67121,True,CONVERGENCE: RELATIVE REDUCTION OF F <= FACTR*EPSMCH; late residual fitted on training-only age+order base,1.922267608251466,4.780477426154526,1.301129024429254,1.0,0.6680724750809962,0.1041419037616027,20.0,4.999999999999999
2020__2020-12-06,S0_raw,age_only,-160906.97016222152,342036,67143,True,CONVERGENCE: RELATIVE REDUCTION OF F <= FACTR*EPSMCH,1.3370705502516376,2.566834499806704,1.0,1.0,1.0,0.0,25.0,5.0
2020__2020-12-06,S0_raw,age_order,-159179.2056899875,342036,67143,True,CONVERGENCE: RELATIVE REDUCTION OF F <= FACTR*EPSMCH,1.9248641739339905,4.798899885387998,1.3038303963264015,1.0,0.6689014192517053,0.0,25.0,5.0
2020__2020-12-06,S0_raw,full,-158721.28449491365,342036,67143,True,CONVERGENCE: RELATIVE REDUCTION OF F <= FACTR*EPSMCH; late residual fitted on training-only age+order base,1.9248641739339905,4.798899885387998,1.3038303963264015,1.0,0.6689014192517053,0.1027268030081978,20.0,4.999999999999999
2021__2021-05-22,S0_raw,age_only,-161063.73954732352,342093,67308,True,CONVERGENCE: RELATIVE REDUCTION OF F <= FACTR*EPSMCH,1.3300394979433454,2.533039979425241,1.0,1.0,1.0,0.0,25.0,5.0
2021__2021-05-22,S0_raw,age_order,-159319.80070413262,342093,67308,True,CONVERGENCE: RELATIVE REDUCTION OF F <= FACTR*EPSMCH,1.91493966116348,4.76015755137857,1.3088294802100104,1.0,0.6694949896684117,0.0,25.0,5.0
2021__2021-05-22,S0_raw,full,-158847.60212560042,342093,67308,True,CONVERGENCE: NORM OF PROJECTED GRADIENT <= PGTOL; late residual fitted on training-only age+order base,1.91493966116348,4.76015755137857,1.3088294802100104,1.0,0.6694949896684117,0.1048324586416905,20.0,4.999999999999999
2021__2021-05-29,S0_raw,age_only,-160996.85752908632,342186,67182,True,CONVERGENCE: RELATIVE REDUCTION OF F <= FACTR*EPSMCH,1.335624630103481,2.561513953310874,1.0,1.0,1.0,0.0,25.0,5.0
2021__2021-05-29,S0_raw,age_order,-159266.1647219101,342186,67182,True,CONVERGENCE: RELATIVE REDUCTION OF F <= FACTR*EPSMCH,1.921807919367149,4.797798661302279,1.3068061220728358,1.0,0.6703657500850038,0.0,25.0,5.0
2021__2021-05-29,S0_raw,full,-158804.86855524374,342186,67182,True,CONVERGENCE: RELATIVE REDUCTION OF F <= FACTR*EPSMCH; late residual fitted on training-only age+order base,1.921807919367149,4.797798661302279,1.3068061220728358,1.0,0.6703657500850038,0.103575577278932,20.0,4.999999999999999
2021__2021-06-05,S0_raw,age_only,-161145.4943970306,342260,67295,True,CONVERGENCE: RELATIVE REDUCTION OF F <= FACTR*EPSMCH,1.3367098975672231,2.560557912044876,1.0,1.0,1.0,0.0,25.0,5.0
2021__2021-06-05,S0_raw,age_order,-159414.23326460458,342260,67295,True,CONVERGENCE: RELATIVE REDUCTION OF F <= FACTR*EPSMCH,1.925511438606171,4.792535873286638,1.303955603714262,1.0,0.668749629091583,0.0,25.0,5.0
2021__2021-06-05,S0_raw,full,-158959.96957540483,342260,67295,True,CONVERGENCE: RELATIVE REDUCTION OF F <= FACTR*EPSMCH; late residual fitted on training-only age+order base,1.925511438606171,4.792535873286638,1.303955603714262,1.0,0.668749629091583,0.102628951589076,20.0,4.999999999999999
2021__2021-06-22,S0_raw,age_only,-160730.50216270157,342023,67061,True,CONVERGENCE: RELATIVE REDUCTION OF F <= FACTR*EPSMCH,1.3311654906212922,2.54800074740952,1.0,1.0,1.0,0.0,25.0,5.0
2021__2021-06-22,S0_raw,age_order,-158996.38520418332,342023,67061,True,CONVERGENCE: RELATIVE REDUCTION OF F <= FACTR*EPSMCH,1.9139554243023924,4.763710498022151,1.305311984553137,1.0,0.6687477354289906,0.0,25.0,5.0
2021__2021-06-22,S0_raw,full,-158530.37080317203,342023,67061,True,CONVERGENCE: NORM OF PROJECTED GRADIENT <= PGTOL; late residual fitted on training-only age+order base,1.9139554243023924,4.763710498022151,1.305311984553137,1.0,0.6687477354289906,0.103315233821208,20.0,4.999999999999999
2021__2021-06-26,S0_raw,age_only,-163393.31974215384,347415,68186,True,CONVERGENCE: RELATIVE REDUCTION OF F <= FACTR*EPSMCH,1.333060385964932,2.552609250184822,1.0,1.0,1.0,0.0,25.0,5.0
2021__2021-06-26,S0_raw,age_order,-161645.3700254187,347415,68186,True,CONVERGENCE: RELATIVE REDUCTION OF F <= FACTR*EPSMCH,1.914869644559112,4.771702625516872,1.3063104207383305,1.0,0.6711440304516284,0.0,25.0,5.0
2021__2021-06-26,S0_raw,full,-161170.0591907876,347415,68186,True,CONVERGENCE: RELATIVE REDUCTION OF F <= FACTR*EPSMCH; late residual fitted on training-only age+order base,1.914869644559112,4.771702625516872,1.3063104207383305,1.0,0.6711440304516284,0.103843957093177,20.0,4.999999999999999
2021__2021-06-30,S0_raw,age_only,-160985.790282217,342109,67235,True,CONVERGENCE: RELATIVE REDUCTION OF F <= FACTR*EPSMCH,1.3327456036358254,2.546328949693168,1.0,1.0,1.0,0.0,25.0,5.0
2021__2021-06-30,S0_raw,age_order,-159259.02146790354,342109,67235,True,CONVERGENCE: RELATIVE REDUCTION OF F <= FACTR*EPSMCH,1.9106101259803296,4.758950047618059,1.3097011264583551,1.0,0.6727770614801929,0.0,25.0,5.0
2021__2021-06-30,S0_raw,full,-158788.86007752447,342109,67235,True,CONVERGENCE: NORM OF PROJECTED GRADIENT <= PGTOL; late residual fitted on training-only age+order base,1.9106101259803296,4.758950047618059,1.3097011264583551,1.0,0.6727770614801929,0.1042009561844677,20.0,4.999999999999999
2021__2021-07-04,S0_raw,age_only,-160884.74252012468,342094,67157,True,CONVERGENCE: RELATIVE REDUCTION OF F <= FACTR*EPSMCH,1.3287785337570968,2.536330067457349,1.0,1.0,1.0,0.0,25.0,5.0
2021__2021-07-04,S0_raw,age_order,-159158.2034601287,342094,67157,True,CONVERGENCE: RELATIVE REDUCTION OF F <= FACTR*EPSMCH,1.913645714109517,4.756187950569263,1.3046035113104684,1.0,0.6688791542380608,0.0,25.0,5.0
2021__2021-07-04,S0_raw,full,-158686.45115061448,342094,67157,True,CONVERGENCE: NORM OF PROJECTED GRADIENT <= PGTOL; late residual fitted on training-only age+order base,1.913645714109517,4.756187950569263,1.3046035113104684,1.0,0.6688791542380608,0.1043338382051093,20.0,4.999999999999999
2021__2021-07-10,S0_raw,age_only,-160672.07552756253,342186,67000,True,CONVERGENCE: RELATIVE REDUCTION OF F <= FACTR*EPSMCH,1.3271985175345944,2.5383988003488587,1.0,1.0,1.0,0.0,25.0,5.0
2021__2021-07-10,S0_raw,age_order,-158916.11524961688,342186,67000,True,CONVERGENCE: RELATIVE REDUCTION OF F <= FACTR*EPSMCH,1.9116629927287416,4.783853768565895,1.3128471260394594,1.0,0.6691418779903036,0.0,25.0,5.0
2021__2021-07-10,S0_raw,full,-158451.3915884897,342186,67000,True,CONVERGENCE: NORM OF PROJECTED GRADIENT <= PGTOL; late residual fitted on training-only age+order base,1.9116629927287416,4.783853768565895,1.3128471260394594,1.0,0.6691418779903036,0.1029569588714241,20.0,4.999999999999999
2021__2021-07-17,S0_raw,age_only,-163366.72481563422,347405,68225,True,CONVERGENCE: RELATIVE REDUCTION OF F <= FACTR*EPSMCH,1.3286161594359998,2.5333076252130167,1.0,1.0,1.0,0.0,25.0,5.0
2021__2021-07-17,S0_raw,age_order,-161602.9854690468,347405,68225,True,CONVERGENCE: RELATIVE REDUCTION OF F <= FACTR*EPSMCH,1.908909897146224,4.744463845544384,1.3079333009948797,1.0,0.6697866306757938,0.0,25.0,5.0
2021__2021-07-17,S0_raw,full,-161127.7105784294,347405,68225,True,CONVERGENCE: RELATIVE REDUCTION OF F <= FACTR*EPSMCH; late residual fitted on training-only age+order base,1.908909897146224,4.744463845544384,1.3079333009948797,1.0,0.6697866306757938,0.1035706182174149,20.0,4.999999999999999
2021__2021-08-07,S0_raw,age_only,-161180.01801325727,342123,67344,True,CONVERGENCE: RELATIVE REDUCTION OF F <= FACTR*EPSMCH,1.336541642781739,2.5560714479632423,1.0,1.0,1.0,0.0,25.0,5.0
2021__2021-08-07,S0_raw,age_order,-159459.38899209228,342123,67344,True,CONVERGENCE: RELATIVE REDUCTION OF F <= FACTR*EPSMCH,1.918342461499432,4.762782415287871,1.3040521445114,1.0,0.6711933819711148,0.0,25.0,5.0
2021__2021-08-07,S0_raw,full,-158989.0677457027,342123,67344,True,CONVERGENCE: RELATIVE REDUCTION OF F <= FACTR*EPSMCH; late residual fitted on training-only age+order base,1.918342461499432,4.762782415287871,1.3040521445114,1.0,0.6711933819711148,0.1050865382535317,20.0,4.999999999999999
2021__2021-08-14,S0_raw,age_only,-160932.25647886592,342073,67115,True,CONVERGENCE: RELATIVE REDUCTION OF F <= FACTR*EPSMCH,1.3383504870685792,2.574055405824509,1.0,1.0,1.0,0.0,25.0,5.0
2021__2021-08-14,S0_raw,age_order,-159214.9481500121,342073,67115,True,CONVERGENCE: RELATIVE REDUCTION OF F <= FACTR*EPSMCH,1.9248048879491324,4.809614674093496,1.3044796247881707,1.0,0.6708792373316517,0.0,25.0,5.0
2021__2021-08-14,S0_raw,full,-158745.13232430673,342073,67115,True,CONVERGENCE: NORM OF PROJECTED GRADIENT <= PGTOL; late residual fitted on training-only age+order base,1.9248048879491324,4.809614674093496,1.3044796247881707,1.0,0.6708792373316517,0.1046561657125107,20.0,4.999999999999999
2021__2021-08-28,S0_raw,age_only,-163409.72141607496,347410,68219,True,CONVERGENCE: RELATIVE REDUCTION OF F <= FACTR*EPSMCH,1.332032839978181,2.547060121410224,1.0,1.0,1.0,0.0,25.0,5.0
2021__2021-08-28,S0_raw,age_order,-161649.93217588676,347410,68219,True,CONVERGENCE: RELATIVE REDUCTION OF F <= FACTR*EPSMCH,1.9178220800744463,4.771615568664482,1.305128954558463,1.0,0.6686914850327467,0.0,25.0,5.0
2021__2021-08-28,S0_raw,full,-161178.8582720971,347410,68219,True,CONVERGENCE: NORM OF PROJECTED GRADIENT <= PGTOL; late residual fitted on training-only age+order base,1.9178220800744463,4.771615568664482,1.305128954558463,1.0,0.6686914850327467,0.1034981141107991,20.0,4.999999999999999
2021__2021-09-04,S0_raw,age_only,-160740.26567819447,342049,67055,True,CONVERGENCE: RELATIVE REDUCTION OF F <= FACTR*EPSMCH,1.3298237909723154,2.5440099494088884,1.0,1.0,1.0,0.0,25.0,5.0
2021__2021-09-04,S0_raw,age_order,-158985.40488090386,342049,67055,True,CONVERGENCE: RELATIVE REDUCTION OF F <= FACTR*EPSMCH,1.918175139915068,4.793306221137407,1.3102683656264418,1.0,0.6680729758587834,0.0,25.0,5.0
2021__2021-09-04,S0_raw,full,-158518.03444037476,342049,67055,True,CONVERGENCE: RELATIVE REDUCTION OF F <= FACTR*EPSMCH; late residual fitted on training-only age+order base,1.918175139915068,4.793306221137407,1.3102683656264418,1.0,0.6680729758587834,0.1039932551227151,20.0,4.999999999999999
2021__2021-09-25,S0_raw,age_only,-163571.56992318513,347455,68311,True,CONVERGENCE: RELATIVE REDUCTION OF F <= FACTR*EPSMCH,1.3344726089920125,2.552551614208071,1.0,1.0,1.0,0.0,25.0,5.0
2021__2021-09-25,S0_raw,age_order,-161826.40256806085,347455,68311,True,CONVERGENCE: RELATIVE REDUCTION OF F <= FACTR*EPSMCH,1.9137535475176723,4.762227741139049,1.306683267619456,1.0,0.6724294965774074,0.0,25.0,5.0
2021__2021-09-25,S0_raw,full,-161355.84223347253,347455,68311,True,CONVERGENCE: RELATIVE REDUCTION OF F <= FACTR*EPSMCH; late residual fitted on training-only age+order base,1.9137535475176723,4.762227741139049,1.306683267619456,1.0,0.6724294965774074,0.1037160348154114,20.0,4.999999999999999
2021__2021-09-26,S0_raw,age_only,-163399.0280673943,347413,68213,True,CONVERGENCE: RELATIVE REDUCTION OF F <= FACTR*EPSMCH,1.331744130711609,2.5460174927279318,1.0,1.0,1.0,0.0,25.0,5.0
2021__2021-09-26,S0_raw,age_order,-161639.16707666358,347413,68213,True,CONVERGENCE: RELATIVE REDUCTION OF F <= FACTR*EPSMCH,1.913956558667546,4.768904782673911,1.3082835224932323,1.0,0.6706422596155333,0.0,25.0,5.0
2021__2021-09-26,S0_raw,full,-161165.3189812322,347413,68213,True,CONVERGENCE: RELATIVE REDUCTION OF F <= FACTR*EPSMCH; late residual fitted on training-only age+order base,1.913956558667546,4.768904782673911,1.3082835224932323,1.0,0.6706422596155333,0.1035617526414802,20.0,4.999999999999999
2021__2021-10-09,S0_raw,age_only,-160651.84787746335,342047,67003,True,CONVERGENCE: RELATIVE REDUCTION OF F <= FACTR*EPSMCH,1.328734439910904,2.54220810821226,1.0,1.0,1.0,0.0,25.0,5.0
2021__2021-10-09,S0_raw,age_order,-158908.9876319674,342047,67003,True,CONVERGENCE: RELATIVE REDUCTION OF F <= FACTR*EPSMCH,1.9155579702412249,4.770867406476246,1.3051619384759916,1.0,0.6667363168294793,0.0,25.0,5.0
2021__2021-10-09,S0_raw,full,-158442.58729635167,342047,67003,True,CONVERGENCE: RELATIVE REDUCTION OF F <= FACTR*EPSMCH; late residual fitted on training-only age+order base,1.9155579702412249,4.770867406476246,1.3051619384759916,1.0,0.6667363168294793,0.1031383913541838,20.0,4.999999999999999
2021__2021-10-13,S0_raw,age_only,-163350.8713993698,347392,68175,True,CONVERGENCE: RELATIVE REDUCTION OF F <= FACTR*EPSMCH,1.3311601123306187,2.54600467951407,1.0,1.0,1.0,0.0,25.0,5.0
2021__2021-10-13,S0_raw,age_order,-161599.62516714746,347392,68175,True,CONVERGENCE: RELATIVE REDUCTION OF F <= FACTR*EPSMCH,1.9140821032399664,4.760788306876035,1.304488893400817,1.0,0.6695080107338791,0.0,25.0,5.0
2021__2021-10-13,S0_raw,full,-161128.15193905885,347392,68175,True,CONVERGENCE: NORM OF PROJECTED GRADIENT <= PGTOL; late residual fitted on training-only age+order base,1.9140821032399664,4.760788306876035,1.304488893400817,1.0,0.6695080107338791,0.1033415755988841,20.0,4.999999999999999
2021__2021-10-16,S0_raw,age_only,-163395.67609479662,347413,68218,True,CONVERGENCE: RELATIVE REDUCTION OF F <= FACTR*EPSMCH,1.330535803340824,2.541234213347613,1.0,1.0,1.0,0.0,25.0,5.0
2021__2021-10-16,S0_raw,age_order,-161630.64047607736,347413,68218,True,CONVERGENCE: RELATIVE REDUCTION OF F <= FACTR*EPSMCH,1.9142629117227563,4.766533313483028,1.3080205317786169,1.0,0.6696333420926887,0.0,25.0,5.0
2021__2021-10-16,S0_raw,full,-161155.95725187226,347413,68218,True,CONVERGENCE: RELATIVE REDUCTION OF F <= FACTR*EPSMCH; late residual fitted on training-only age+order base,1.9142629117227563,4.766533313483028,1.3080205317786169,1.0,0.6696333420926887,0.1036241274273241,20.0,4.999999999999999
2021__2021-10-17,S0_raw,age_only,-163513.88455125477,347420,68294,True,CONVERGENCE: RELATIVE REDUCTION OF F <= FACTR*EPSMCH,1.331809740484984,2.5430117358774496,1.0,1.0,1.0,0.0,25.0,5.0
2021__2021-10-17,S0_raw,age_order,-161758.16949403565,347420,68294,True,CONVERGENCE: RELATIVE REDUCTION OF F <= FACTR*EPSMCH,1.9135295986212093,4.753715203990167,1.305838690784673,1.0,0.6702583361644053,0.0,25.0,5.0
2021__2021-10-17,S0_raw,full,-161288.70606472224,347420,68294,True,CONVERGENCE: RELATIVE REDUCTION OF F <= FACTR*EPSMCH; late residual fitted on training-only age+order base,1.9135295986212093,4.753715203990167,1.305838690784673,1.0,0.6702583361644053,0.103300788393778,20.0,4.999999999999999
2021__2021-11-07,S0_raw,age_only,-161001.1279432217,342085,67234,True,CONVERGENCE: RELATIVE REDUCTION OF F <= FACTR*EPSMCH,1.3333318765714484,2.549125888528116,1.0,1.0,1.0,0.0,25.0,5.0
2021__2021-11-07,S0_raw,age_order,-159261.49588656749,342085,67234,True,CONVERGENCE: RELATIVE REDUCTION OF F <= FACTR*EPSMCH,1.9170117282960832,4.777588210406344,1.3091260239722455,1.0,0.6706410910394908,0.0,25.0,5.0
2021__2021-11-07,S0_raw,full,-158802.6807341485,342085,67234,True,CONVERGENCE: NORM OF PROJECTED GRADIENT <= PGTOL; late residual fitted on training-only age+order base,1.9170117282960832,4.777588210406344,1.3091260239722455,1.0,0.6706410910394908,0.1030004784900018,20.0,4.999999999999999
2021__2021-11-13,S0_raw,age_only,-161095.07502143472,342114,67286,True,CONVERGENCE: RELATIVE REDUCTION OF F <= FACTR*EPSMCH,1.333414202697816,2.547695091143856,1.0,1.0,1.0,0.0,25.0,5.0
2021__2021-11-13,S0_raw,age_order,-159369.2876968076,342114,67286,True,CONVERGENCE: RELATIVE REDUCTION OF F <= FACTR*EPSMCH,1.9184778628404104,4.769773122399922,1.305320679692732,1.0,0.6703619724204107,0.0,25.0,5.0
2021__2021-11-13,S0_raw,full,-158903.92102378033,342114,67286,True,CONVERGENCE: NORM OF PROJECTED GRADIENT <= PGTOL; late residual fitted on training-only age+order base,1.9184778628404104,4.769773122399922,1.305320679692732,1.0,0.6703619724204107,0.1043511087132083,20.0,4.999999999999999
