panel,series,age_s,estimate,ci_low,ci_high,n,events,state,interval_probability_column,interval_convention,interval_left_s,interval_right_s,interval_probability,pooled_or_crossfitted,fold_aggregation_rule,bootstrap_unit,n_bootstrap_replicates,supported_range_indicator,state_definition,conditioning_statement,prediction_type,model_name,model_estimate
C,held-out empirical,0.0,1.0,,,69802.0,,,empirical_estimate,"S(t_right)=S(t_left)*(1-p_interval); first [0,1] interval drops survival at t=1",,,,interval-consistent reconstruction from Figure 4A source probabilities,same one-second interval grid as Figure 4A; no one-bin survival delay,physical_fixture_id,500,True,S0_raw,survival reconstructed from the same one-second interval probabilities plotted in Figure 4A,interval_consistent_panelA_reconstruction,held-out empirical,1.0
C,held-out empirical,1.0,0.5821752958367955,,,69802.0,29165.0,,empirical_estimate,"S(t_right)=S(t_left)*(1-p_interval); first [0,1] interval drops survival at t=1",0.0,1.0,0.4178247041632045,interval-consistent reconstruction from Figure 4A source probabilities,same one-second interval grid as Figure 4A; no one-bin survival delay,physical_fixture_id,500,True,S0_raw,survival reconstructed from the same one-second interval probabilities plotted in Figure 4A,interval_consistent_panelA_reconstruction,held-out empirical,0.5821752958367955
C,held-out empirical,2.0,0.469779159300885,,,40619.0,7842.0,,empirical_estimate,"S(t_right)=S(t_left)*(1-p_interval); first [0,1] interval drops survival at t=1",1.0,2.0,0.19306235997932003,interval-consistent reconstruction from Figure 4A source probabilities,same one-second interval grid as Figure 4A; no one-bin survival delay,physical_fixture_id,500,True,S0_raw,survival reconstructed from the same one-second interval probabilities plotted in Figure 4A,interval_consistent_panelA_reconstruction,held-out empirical,0.469779159300885
C,held-out empirical,3.0,0.39204189365466713,,,32760.0,5421.0,,empirical_estimate,"S(t_right)=S(t_left)*(1-p_interval); first [0,1] interval drops survival at t=1",2.0,3.0,0.16547619047619047,interval-consistent reconstruction from Figure 4A source probabilities,same one-second interval grid as Figure 4A; no one-bin survival delay,physical_fixture_id,500,True,S0_raw,survival reconstructed from the same one-second interval probabilities plotted in Figure 4A,interval_consistent_panelA_reconstruction,held-out empirical,0.39204189365466713
C,held-out empirical,4.0,0.33460516634435594,,,27323.0,4003.0,,empirical_estimate,"S(t_right)=S(t_left)*(1-p_interval); first [0,1] interval drops survival at t=1",3.0,4.0,0.1465066061559858,interval-consistent reconstruction from Figure 4A source probabilities,same one-second interval grid as Figure 4A; no one-bin survival delay,physical_fixture_id,500,True,S0_raw,survival reconstructed from the same one-second interval probabilities plotted in Figure 4A,interval_consistent_panelA_reconstruction,held-out empirical,0.33460516634435594
C,held-out empirical,5.0,0.28841412240389275,,,23311.0,3218.0,,empirical_estimate,"S(t_right)=S(t_left)*(1-p_interval); first [0,1] interval drops survival at t=1",4.0,5.0,0.13804641585517566,interval-consistent reconstruction from Figure 4A source probabilities,same one-second interval grid as Figure 4A; no one-bin survival delay,physical_fixture_id,500,True,S0_raw,survival reconstructed from the same one-second interval probabilities plotted in Figure 4A,interval_consistent_panelA_reconstruction,held-out empirical,0.28841412240389275
C,held-out empirical,6.0,0.24967942668754536,,,20089.0,2698.0,,empirical_estimate,"S(t_right)=S(t_left)*(1-p_interval); first [0,1] interval drops survival at t=1",5.0,6.0,0.13430235452237543,interval-consistent reconstruction from Figure 4A source probabilities,same one-second interval grid as Figure 4A; no one-bin survival delay,physical_fixture_id,500,True,S0_raw,survival reconstructed from the same one-second interval probabilities plotted in Figure 4A,interval_consistent_panelA_reconstruction,held-out empirical,0.24967942668754536
C,held-out empirical,7.0,0.2176975974437191,,,17386.0,2227.0,,empirical_estimate,"S(t_right)=S(t_left)*(1-p_interval); first [0,1] interval drops survival at t=1",6.0,7.0,0.1280915679282181,interval-consistent reconstruction from Figure 4A source probabilities,same one-second interval grid as Figure 4A; no one-bin survival delay,physical_fixture_id,500,True,S0_raw,survival reconstructed from the same one-second interval probabilities plotted in Figure 4A,interval_consistent_panelA_reconstruction,held-out empirical,0.2176975974437191
C,held-out empirical,8.0,0.1892066829947424,,,15152.0,1983.0,,empirical_estimate,"S(t_right)=S(t_left)*(1-p_interval); first [0,1] interval drops survival at t=1",7.0,8.0,0.1308738120380148,interval-consistent reconstruction from Figure 4A source probabilities,same one-second interval grid as Figure 4A; no one-bin survival delay,physical_fixture_id,500,True,S0_raw,survival reconstructed from the same one-second interval probabilities plotted in Figure 4A,interval_consistent_panelA_reconstruction,held-out empirical,0.1892066829947424
C,held-out empirical,9.0,0.1655792020343659,,,13165.0,1644.0,,empirical_estimate,"S(t_right)=S(t_left)*(1-p_interval); first [0,1] interval drops survival at t=1",8.0,9.0,0.12487656665400684,interval-consistent reconstruction from Figure 4A source probabilities,same one-second interval grid as Figure 4A; no one-bin survival delay,physical_fixture_id,500,True,S0_raw,survival reconstructed from the same one-second interval probabilities plotted in Figure 4A,interval_consistent_panelA_reconstruction,held-out empirical,0.1655792020343659
C,held-out empirical,10.0,0.14437137613989823,,,11516.0,1475.0,,empirical_estimate,"S(t_right)=S(t_left)*(1-p_interval); first [0,1] interval drops survival at t=1",9.0,10.0,0.1280826675929142,interval-consistent reconstruction from Figure 4A source probabilities,same one-second interval grid as Figure 4A; no one-bin survival delay,physical_fixture_id,500,True,S0_raw,survival reconstructed from the same one-second interval probabilities plotted in Figure 4A,interval_consistent_panelA_reconstruction,held-out empirical,0.14437137613989823
C,held-out empirical,11.0,0.1264669670061027,,,10039.0,1245.0,,empirical_estimate,"S(t_right)=S(t_left)*(1-p_interval); first [0,1] interval drops survival at t=1",10.0,11.0,0.12401633628847494,interval-consistent reconstruction from Figure 4A source probabilities,same one-second interval grid as Figure 4A; no one-bin survival delay,physical_fixture_id,500,True,S0_raw,survival reconstructed from the same one-second interval probabilities plotted in Figure 4A,interval_consistent_panelA_reconstruction,held-out empirical,0.1264669670061027
C,held-out empirical,12.0,0.11084026019433485,,,8789.0,1086.0,,empirical_estimate,"S(t_right)=S(t_left)*(1-p_interval); first [0,1] interval drops survival at t=1",11.0,12.0,0.12356354534076687,interval-consistent reconstruction from Figure 4A source probabilities,same one-second interval grid as Figure 4A; no one-bin survival delay,physical_fixture_id,500,True,S0_raw,survival reconstructed from the same one-second interval probabilities plotted in Figure 4A,interval_consistent_panelA_reconstruction,held-out empirical,0.11084026019433485
C,held-out empirical,13.0,0.09722627861242876,,,7702.0,946.0,,empirical_estimate,"S(t_right)=S(t_left)*(1-p_interval); first [0,1] interval drops survival at t=1",12.0,13.0,0.12282524019735133,interval-consistent reconstruction from Figure 4A source probabilities,same one-second interval grid as Figure 4A; no one-bin survival delay,physical_fixture_id,500,True,S0_raw,survival reconstructed from the same one-second interval probabilities plotted in Figure 4A,interval_consistent_panelA_reconstruction,held-out empirical,0.09722627861242876
C,held-out empirical,14.0,0.0860521683927539,,,6752.0,776.0,,empirical_estimate,"S(t_right)=S(t_left)*(1-p_interval); first [0,1] interval drops survival at t=1",13.0,14.0,0.11492890995260663,interval-consistent reconstruction from Figure 4A source probabilities,same one-second interval grid as Figure 4A; no one-bin survival delay,physical_fixture_id,500,True,S0_raw,survival reconstructed from the same one-second interval probabilities plotted in Figure 4A,interval_consistent_panelA_reconstruction,held-out empirical,0.0860521683927539
C,held-out empirical,15.0,0.07604107749336254,,,5974.0,695.0,,empirical_estimate,"S(t_right)=S(t_left)*(1-p_interval); first [0,1] interval drops survival at t=1",14.0,15.0,0.11633746233679276,interval-consistent reconstruction from Figure 4A source probabilities,same one-second interval grid as Figure 4A; no one-bin survival delay,physical_fixture_id,500,True,S0_raw,survival reconstructed from the same one-second interval probabilities plotted in Figure 4A,interval_consistent_panelA_reconstruction,held-out empirical,0.07604107749336254
C,held-out empirical,16.0,0.06751997836583556,,,5274.0,591.0,,empirical_estimate,"S(t_right)=S(t_left)*(1-p_interval); first [0,1] interval drops survival at t=1",15.0,16.0,0.11205915813424346,interval-consistent reconstruction from Figure 4A source probabilities,same one-second interval grid as Figure 4A; no one-bin survival delay,physical_fixture_id,500,True,S0_raw,survival reconstructed from the same one-second interval probabilities plotted in Figure 4A,interval_consistent_panelA_reconstruction,held-out empirical,0.06751997836583556
C,held-out empirical,17.0,0.05992957259100558,,,4679.0,526.0,,empirical_estimate,"S(t_right)=S(t_left)*(1-p_interval); first [0,1] interval drops survival at t=1",16.0,17.0,0.11241718315879462,interval-consistent reconstruction from Figure 4A source probabilities,same one-second interval grid as Figure 4A; no one-bin survival delay,physical_fixture_id,500,True,S0_raw,survival reconstructed from the same one-second interval probabilities plotted in Figure 4A,interval_consistent_panelA_reconstruction,held-out empirical,0.05992957259100558
C,held-out empirical,18.0,0.053663748812519334,,,4151.0,434.0,,empirical_estimate,"S(t_right)=S(t_left)*(1-p_interval); first [0,1] interval drops survival at t=1",17.0,18.0,0.1045531197301855,interval-consistent reconstruction from Figure 4A source probabilities,same one-second interval grid as Figure 4A; no one-bin survival delay,physical_fixture_id,500,True,S0_raw,survival reconstructed from the same one-second interval probabilities plotted in Figure 4A,interval_consistent_panelA_reconstruction,held-out empirical,0.053663748812519334
C,held-out empirical,19.0,0.04811979413293703,,,3717.0,384.0,,empirical_estimate,"S(t_right)=S(t_left)*(1-p_interval); first [0,1] interval drops survival at t=1",18.0,19.0,0.1033091202582728,interval-consistent reconstruction from Figure 4A source probabilities,same one-second interval grid as Figure 4A; no one-bin survival delay,physical_fixture_id,500,True,S0_raw,survival reconstructed from the same one-second interval probabilities plotted in Figure 4A,interval_consistent_panelA_reconstruction,held-out empirical,0.04811979413293703
C,held-out empirical,20.0,0.04261750074618763,,,3332.0,381.0,,empirical_estimate,"S(t_right)=S(t_left)*(1-p_interval); first [0,1] interval drops survival at t=1",19.0,20.0,0.11434573829531813,interval-consistent reconstruction from Figure 4A source probabilities,same one-second interval grid as Figure 4A; no one-bin survival delay,physical_fixture_id,500,True,S0_raw,survival reconstructed from the same one-second interval probabilities plotted in Figure 4A,interval_consistent_panelA_reconstruction,held-out empirical,0.04261750074618763
C,held-out empirical,21.0,0.038046173442794796,,,2946.0,316.0,,empirical_estimate,"S(t_right)=S(t_left)*(1-p_interval); first [0,1] interval drops survival at t=1",20.0,21.0,0.10726408689748812,interval-consistent reconstruction from Figure 4A source probabilities,same one-second interval grid as Figure 4A; no one-bin survival delay,physical_fixture_id,500,True,S0_raw,survival reconstructed from the same one-second interval probabilities plotted in Figure 4A,interval_consistent_panelA_reconstruction,held-out empirical,0.038046173442794796
C,held-out empirical,22.0,0.03390725917705143,,,2629.0,286.0,,empirical_estimate,"S(t_right)=S(t_left)*(1-p_interval); first [0,1] interval drops survival at t=1",21.0,22.0,0.1087866108786611,interval-consistent reconstruction from Figure 4A source probabilities,same one-second interval grid as Figure 4A; no one-bin survival delay,physical_fixture_id,500,True,S0_raw,survival reconstructed from the same one-second interval probabilities plotted in Figure 4A,interval_consistent_panelA_reconstruction,held-out empirical,0.03390725917705143
C,held-out empirical,23.0,0.030067334526658853,,,2340.0,265.0,,empirical_estimate,"S(t_right)=S(t_left)*(1-p_interval); first [0,1] interval drops survival at t=1",22.0,23.0,0.11324786324786325,interval-consistent reconstruction from Figure 4A source probabilities,same one-second interval grid as Figure 4A; no one-bin survival delay,physical_fixture_id,500,True,S0_raw,survival reconstructed from the same one-second interval probabilities plotted in Figure 4A,interval_consistent_panelA_reconstruction,held-out empirical,0.030067334526658853
C,held-out empirical,24.0,0.02680544915129808,,,2074.0,225.0,,empirical_estimate,"S(t_right)=S(t_left)*(1-p_interval); first [0,1] interval drops survival at t=1",23.0,24.0,0.10848601735776278,interval-consistent reconstruction from Figure 4A source probabilities,same one-second interval grid as Figure 4A; no one-bin survival delay,physical_fixture_id,500,True,S0_raw,survival reconstructed from the same one-second interval probabilities plotted in Figure 4A,interval_consistent_panelA_reconstruction,held-out empirical,0.02680544915129808
C,held-out empirical,25.0,0.02377223914987886,,,1847.0,209.0,,empirical_estimate,"S(t_right)=S(t_left)*(1-p_interval); first [0,1] interval drops survival at t=1",24.0,25.0,0.11315646995127233,interval-consistent reconstruction from Figure 4A source probabilities,same one-second interval grid as Figure 4A; no one-bin survival delay,physical_fixture_id,500,True,S0_raw,survival reconstructed from the same one-second interval probabilities plotted in Figure 4A,interval_consistent_panelA_reconstruction,held-out empirical,0.02377223914987886
C,held-out empirical,26.0,0.02095155756267611,,,1635.0,194.0,,empirical_estimate,"S(t_right)=S(t_left)*(1-p_interval); first [0,1] interval drops survival at t=1",25.0,26.0,0.11865443425076452,interval-consistent reconstruction from Figure 4A source probabilities,same one-second interval grid as Figure 4A; no one-bin survival delay,physical_fixture_id,500,True,S0_raw,survival reconstructed from the same one-second interval probabilities plotted in Figure 4A,interval_consistent_panelA_reconstruction,held-out empirical,0.02095155756267611
C,held-out empirical,27.0,0.017952237994982377,,,1439.0,206.0,,empirical_estimate,"S(t_right)=S(t_left)*(1-p_interval); first [0,1] interval drops survival at t=1",26.0,27.0,0.14315496872828354,interval-consistent reconstruction from Figure 4A source probabilities,same one-second interval grid as Figure 4A; no one-bin survival delay,physical_fixture_id,500,True,S0_raw,survival reconstructed from the same one-second interval probabilities plotted in Figure 4A,interval_consistent_panelA_reconstruction,held-out empirical,0.017952237994982377
C,held-out empirical,28.0,0.01570820824560958,,,1232.0,154.0,,empirical_estimate,"S(t_right)=S(t_left)*(1-p_interval); first [0,1] interval drops survival at t=1",27.0,28.0,0.125,interval-consistent reconstruction from Figure 4A source probabilities,same one-second interval grid as Figure 4A; no one-bin survival delay,physical_fixture_id,500,True,S0_raw,survival reconstructed from the same one-second interval probabilities plotted in Figure 4A,interval_consistent_panelA_reconstruction,held-out empirical,0.01570820824560958
C,held-out empirical,29.0,0.013784754174718609,,,1078.0,132.0,,empirical_estimate,"S(t_right)=S(t_left)*(1-p_interval); first [0,1] interval drops survival at t=1",28.0,29.0,0.12244897959183673,interval-consistent reconstruction from Figure 4A source probabilities,same one-second interval grid as Figure 4A; no one-bin survival delay,physical_fixture_id,500,True,S0_raw,survival reconstructed from the same one-second interval probabilities plotted in Figure 4A,interval_consistent_panelA_reconstruction,held-out empirical,0.013784754174718609
C,held-out empirical,30.0,0.011803013616830945,,,946.0,136.0,,empirical_estimate,"S(t_right)=S(t_left)*(1-p_interval); first [0,1] interval drops survival at t=1",29.0,30.0,0.14376321353065538,interval-consistent reconstruction from Figure 4A source probabilities,same one-second interval grid as Figure 4A; no one-bin survival delay,physical_fixture_id,500,True,S0_raw,survival reconstructed from the same one-second interval probabilities plotted in Figure 4A,interval_consistent_panelA_reconstruction,held-out empirical,0.011803013616830945
C,held-out empirical,31.0,0.010200135224421805,,,810.0,110.0,,empirical_estimate,"S(t_right)=S(t_left)*(1-p_interval); first [0,1] interval drops survival at t=1",30.0,31.0,0.13580246913580246,interval-consistent reconstruction from Figure 4A source probabilities,same one-second interval grid as Figure 4A; no one-bin survival delay,physical_fixture_id,500,True,S0_raw,survival reconstructed from the same one-second interval probabilities plotted in Figure 4A,interval_consistent_panelA_reconstruction,held-out empirical,0.010200135224421805
C,held-out empirical,32.0,0.008815831158250275,,,700.0,95.0,,empirical_estimate,"S(t_right)=S(t_left)*(1-p_interval); first [0,1] interval drops survival at t=1",31.0,32.0,0.1357142857142857,interval-consistent reconstruction from Figure 4A source probabilities,same one-second interval grid as Figure 4A; no one-bin survival delay,physical_fixture_id,500,True,S0_raw,survival reconstructed from the same one-second interval probabilities plotted in Figure 4A,interval_consistent_panelA_reconstruction,held-out empirical,0.008815831158250275
C,held-out empirical,33.0,0.007620958174818006,,,605.0,82.0,,empirical_estimate,"S(t_right)=S(t_left)*(1-p_interval); first [0,1] interval drops survival at t=1",32.0,33.0,0.13553719008264462,interval-consistent reconstruction from Figure 4A source probabilities,same one-second interval grid as Figure 4A; no one-bin survival delay,physical_fixture_id,500,True,S0_raw,survival reconstructed from the same one-second interval probabilities plotted in Figure 4A,interval_consistent_panelA_reconstruction,held-out empirical,0.007620958174818006
C,held-out empirical,34.0,0.0065551919932821555,,,522.0,73.0,,empirical_estimate,"S(t_right)=S(t_left)*(1-p_interval); first [0,1] interval drops survival at t=1",33.0,34.0,0.13984674329501914,interval-consistent reconstruction from Figure 4A source probabilities,same one-second interval grid as Figure 4A; no one-bin survival delay,physical_fixture_id,500,True,S0_raw,survival reconstructed from the same one-second interval probabilities plotted in Figure 4A,interval_consistent_panelA_reconstruction,held-out empirical,0.0065551919932821555
C,held-out empirical,35.0,0.005587311296287475,,,447.0,66.0,,empirical_estimate,"S(t_right)=S(t_left)*(1-p_interval); first [0,1] interval drops survival at t=1",34.0,35.0,0.1476510067114094,interval-consistent reconstruction from Figure 4A source probabilities,same one-second interval grid as Figure 4A; no one-bin survival delay,physical_fixture_id,500,True,S0_raw,survival reconstructed from the same one-second interval probabilities plotted in Figure 4A,interval_consistent_panelA_reconstruction,held-out empirical,0.005587311296287475
C,age-only OOF,0.0,1.0,,,69802.0,,,age_only_baseline,"S(t_right)=S(t_left)*(1-p_interval); first [0,1] interval drops survival at t=1",,,,interval-consistent reconstruction from Figure 4A source probabilities,same one-second interval grid as Figure 4A; no one-bin survival delay,physical_fixture_id,500,True,S0_raw,survival reconstructed from the same one-second interval probabilities plotted in Figure 4A,interval_consistent_panelA_reconstruction,age-only OOF,1.0
C,age-only OOF,1.0,0.6312605072779727,,,69802.0,29165.0,,age_only_baseline,"S(t_right)=S(t_left)*(1-p_interval); first [0,1] interval drops survival at t=1",0.0,1.0,0.3687394927220274,interval-consistent reconstruction from Figure 4A source probabilities,same one-second interval grid as Figure 4A; no one-bin survival delay,physical_fixture_id,500,True,S0_raw,survival reconstructed from the same one-second interval probabilities plotted in Figure 4A,interval_consistent_panelA_reconstruction,age-only OOF,0.6312605072779727
C,age-only OOF,2.0,0.46540804560163457,,,40619.0,7842.0,,age_only_baseline,"S(t_right)=S(t_left)*(1-p_interval); first [0,1] interval drops survival at t=1",1.0,2.0,0.2627321997244883,interval-consistent reconstruction from Figure 4A source probabilities,same one-second interval grid as Figure 4A; no one-bin survival delay,physical_fixture_id,500,True,S0_raw,survival reconstructed from the same one-second interval probabilities plotted in Figure 4A,interval_consistent_panelA_reconstruction,age-only OOF,0.46540804560163457
C,age-only OOF,3.0,0.36673469815235005,,,32760.0,5421.0,,age_only_baseline,"S(t_right)=S(t_left)*(1-p_interval); first [0,1] interval drops survival at t=1",2.0,3.0,0.2120147006090733,interval-consistent reconstruction from Figure 4A source probabilities,same one-second interval grid as Figure 4A; no one-bin survival delay,physical_fixture_id,500,True,S0_raw,survival reconstructed from the same one-second interval probabilities plotted in Figure 4A,interval_consistent_panelA_reconstruction,age-only OOF,0.36673469815235005
C,age-only OOF,4.0,0.2998621842193331,,,27323.0,4003.0,,age_only_baseline,"S(t_right)=S(t_left)*(1-p_interval); first [0,1] interval drops survival at t=1",3.0,4.0,0.1823457509472872,interval-consistent reconstruction from Figure 4A source probabilities,same one-second interval grid as Figure 4A; no one-bin survival delay,physical_fixture_id,500,True,S0_raw,survival reconstructed from the same one-second interval probabilities plotted in Figure 4A,interval_consistent_panelA_reconstruction,age-only OOF,0.2998621842193331
C,age-only OOF,5.0,0.2510186800222501,,,23311.0,3218.0,,age_only_baseline,"S(t_right)=S(t_left)*(1-p_interval); first [0,1] interval drops survival at t=1",4.0,5.0,0.1628865084280071,interval-consistent reconstruction from Figure 4A source probabilities,same one-second interval grid as Figure 4A; no one-bin survival delay,physical_fixture_id,500,True,S0_raw,survival reconstructed from the same one-second interval probabilities plotted in Figure 4A,interval_consistent_panelA_reconstruction,age-only OOF,0.2510186800222501
C,age-only OOF,6.0,0.2135807263642523,,,20089.0,2698.0,,age_only_baseline,"S(t_right)=S(t_left)*(1-p_interval); first [0,1] interval drops survival at t=1",5.0,6.0,0.1491440941952181,interval-consistent reconstruction from Figure 4A source probabilities,same one-second interval grid as Figure 4A; no one-bin survival delay,physical_fixture_id,500,True,S0_raw,survival reconstructed from the same one-second interval probabilities plotted in Figure 4A,interval_consistent_panelA_reconstruction,age-only OOF,0.2135807263642523
C,age-only OOF,7.0,0.1839094191416351,,,17386.0,2227.0,,age_only_baseline,"S(t_right)=S(t_left)*(1-p_interval); first [0,1] interval drops survival at t=1",6.0,7.0,0.1389231497041269,interval-consistent reconstruction from Figure 4A source probabilities,same one-second interval grid as Figure 4A; no one-bin survival delay,physical_fixture_id,500,True,S0_raw,survival reconstructed from the same one-second interval probabilities plotted in Figure 4A,interval_consistent_panelA_reconstruction,age-only OOF,0.1839094191416351
C,age-only OOF,8.0,0.15981280395752495,,,15152.0,1983.0,,age_only_baseline,"S(t_right)=S(t_left)*(1-p_interval); first [0,1] interval drops survival at t=1",7.0,8.0,0.1310243667593366,interval-consistent reconstruction from Figure 4A source probabilities,same one-second interval grid as Figure 4A; no one-bin survival delay,physical_fixture_id,500,True,S0_raw,survival reconstructed from the same one-second interval probabilities plotted in Figure 4A,interval_consistent_panelA_reconstruction,age-only OOF,0.15981280395752495
C,age-only OOF,9.0,0.13987818036859967,,,13165.0,1644.0,,age_only_baseline,"S(t_right)=S(t_left)*(1-p_interval); first [0,1] interval drops survival at t=1",8.0,9.0,0.1247373370297884,interval-consistent reconstruction from Figure 4A source probabilities,same one-second interval grid as Figure 4A; no one-bin survival delay,physical_fixture_id,500,True,S0_raw,survival reconstructed from the same one-second interval probabilities plotted in Figure 4A,interval_consistent_panelA_reconstruction,age-only OOF,0.13987818036859967
C,age-only OOF,10.0,0.12314671666225316,,,11516.0,1475.0,,age_only_baseline,"S(t_right)=S(t_left)*(1-p_interval); first [0,1] interval drops survival at t=1",9.0,10.0,0.1196145364649199,interval-consistent reconstruction from Figure 4A source probabilities,same one-second interval grid as Figure 4A; no one-bin survival delay,physical_fixture_id,500,True,S0_raw,survival reconstructed from the same one-second interval probabilities plotted in Figure 4A,interval_consistent_panelA_reconstruction,age-only OOF,0.12314671666225316
C,age-only OOF,11.0,0.10894050520339098,,,10039.0,1245.0,,age_only_baseline,"S(t_right)=S(t_left)*(1-p_interval); first [0,1] interval drops survival at t=1",10.0,11.0,0.1153600505470614,interval-consistent reconstruction from Figure 4A source probabilities,same one-second interval grid as Figure 4A; no one-bin survival delay,physical_fixture_id,500,True,S0_raw,survival reconstructed from the same one-second interval probabilities plotted in Figure 4A,interval_consistent_panelA_reconstruction,age-only OOF,0.10894050520339098
C,age-only OOF,12.0,0.09676418160430801,,,8789.0,1086.0,,age_only_baseline,"S(t_right)=S(t_left)*(1-p_interval); first [0,1] interval drops survival at t=1",11.0,12.0,0.1117703977629797,interval-consistent reconstruction from Figure 4A source probabilities,same one-second interval grid as Figure 4A; no one-bin survival delay,physical_fixture_id,500,True,S0_raw,survival reconstructed from the same one-second interval probabilities plotted in Figure 4A,interval_consistent_panelA_reconstruction,age-only OOF,0.09676418160430801
C,age-only OOF,13.0,0.08624581261141244,,,7702.0,946.0,,age_only_baseline,"S(t_right)=S(t_left)*(1-p_interval); first [0,1] interval drops survival at t=1",12.0,13.0,0.1087010587854471,interval-consistent reconstruction from Figure 4A source probabilities,same one-second interval grid as Figure 4A; no one-bin survival delay,physical_fixture_id,500,True,S0_raw,survival reconstructed from the same one-second interval probabilities plotted in Figure 4A,interval_consistent_panelA_reconstruction,age-only OOF,0.08624581261141244
C,age-only OOF,14.0,0.07709974039839913,,,6752.0,776.0,,age_only_baseline,"S(t_right)=S(t_left)*(1-p_interval); first [0,1] interval drops survival at t=1",13.0,14.0,0.1060465654630873,interval-consistent reconstruction from Figure 4A source probabilities,same one-second interval grid as Figure 4A; no one-bin survival delay,physical_fixture_id,500,True,S0_raw,survival reconstructed from the same one-second interval probabilities plotted in Figure 4A,interval_consistent_panelA_reconstruction,age-only OOF,0.07709974039839913
C,age-only OOF,15.0,0.0691023272033031,,,5974.0,695.0,,age_only_baseline,"S(t_right)=S(t_left)*(1-p_interval); first [0,1] interval drops survival at t=1",14.0,15.0,0.1037281468623736,interval-consistent reconstruction from Figure 4A source probabilities,same one-second interval grid as Figure 4A; no one-bin survival delay,physical_fixture_id,500,True,S0_raw,survival reconstructed from the same one-second interval probabilities plotted in Figure 4A,interval_consistent_panelA_reconstruction,age-only OOF,0.0691023272033031
C,age-only OOF,16.0,0.06207560277664919,,,5274.0,591.0,,age_only_baseline,"S(t_right)=S(t_left)*(1-p_interval); first [0,1] interval drops survival at t=1",15.0,16.0,0.1016857855739196,interval-consistent reconstruction from Figure 4A source probabilities,same one-second interval grid as Figure 4A; no one-bin survival delay,physical_fixture_id,500,True,S0_raw,survival reconstructed from the same one-second interval probabilities plotted in Figure 4A,interval_consistent_panelA_reconstruction,age-only OOF,0.06207560277664919
C,age-only OOF,17.0,0.055875929155566606,,,4679.0,526.0,,age_only_baseline,"S(t_right)=S(t_left)*(1-p_interval); first [0,1] interval drops survival at t=1",16.0,17.0,0.0998729507853398,interval-consistent reconstruction from Figure 4A source probabilities,same one-second interval grid as Figure 4A; no one-bin survival delay,physical_fixture_id,500,True,S0_raw,survival reconstructed from the same one-second interval probabilities plotted in Figure 4A,interval_consistent_panelA_reconstruction,age-only OOF,0.055875929155566606
C,age-only OOF,18.0,0.05038595082570734,,,4151.0,434.0,,age_only_baseline,"S(t_right)=S(t_left)*(1-p_interval); first [0,1] interval drops survival at t=1",17.0,18.0,0.0982530118572951,interval-consistent reconstruction from Figure 4A source probabilities,same one-second interval grid as Figure 4A; no one-bin survival delay,physical_fixture_id,500,True,S0_raw,survival reconstructed from the same one-second interval probabilities plotted in Figure 4A,interval_consistent_panelA_reconstruction,age-only OOF,0.05038595082570734
C,age-only OOF,19.0,0.04550875512056752,,,3717.0,384.0,,age_only_baseline,"S(t_right)=S(t_left)*(1-p_interval); first [0,1] interval drops survival at t=1",18.0,19.0,0.0967967384799542,interval-consistent reconstruction from Figure 4A source probabilities,same one-second interval grid as Figure 4A; no one-bin survival delay,physical_fixture_id,500,True,S0_raw,survival reconstructed from the same one-second interval probabilities plotted in Figure 4A,interval_consistent_panelA_reconstruction,age-only OOF,0.04550875512056752
C,age-only OOF,20.0,0.04116355543381759,,,3332.0,381.0,,age_only_baseline,"S(t_right)=S(t_left)*(1-p_interval); first [0,1] interval drops survival at t=1",19.0,20.0,0.0954805218300979,interval-consistent reconstruction from Figure 4A source probabilities,same one-second interval grid as Figure 4A; no one-bin survival delay,physical_fixture_id,500,True,S0_raw,survival reconstructed from the same one-second interval probabilities plotted in Figure 4A,interval_consistent_panelA_reconstruction,age-only OOF,0.04116355543381759
C,age-only OOF,21.0,0.037282446099981,,,2946.0,316.0,,age_only_baseline,"S(t_right)=S(t_left)*(1-p_interval); first [0,1] interval drops survival at t=1",20.0,21.0,0.09428508526375,interval-consistent reconstruction from Figure 4A source probabilities,same one-second interval grid as Figure 4A; no one-bin survival delay,physical_fixture_id,500,True,S0_raw,survival reconstructed from the same one-second interval probabilities plotted in Figure 4A,interval_consistent_panelA_reconstruction,age-only OOF,0.037282446099981
C,age-only OOF,22.0,0.0338079258991148,,,2629.0,286.0,,age_only_baseline,"S(t_right)=S(t_left)*(1-p_interval); first [0,1] interval drops survival at t=1",21.0,22.0,0.0931945342735431,interval-consistent reconstruction from Figure 4A source probabilities,same one-second interval grid as Figure 4A; no one-bin survival delay,physical_fixture_id,500,True,S0_raw,survival reconstructed from the same one-second interval probabilities plotted in Figure 4A,interval_consistent_panelA_reconstruction,age-only OOF,0.0338079258991148
C,age-only OOF,23.0,0.030690982332947318,,,2340.0,265.0,,age_only_baseline,"S(t_right)=S(t_left)*(1-p_interval); first [0,1] interval drops survival at t=1",22.0,23.0,0.0921956459402052,interval-consistent reconstruction from Figure 4A source probabilities,same one-second interval grid as Figure 4A; no one-bin survival delay,physical_fixture_id,500,True,S0_raw,survival reconstructed from the same one-second interval probabilities plotted in Figure 4A,interval_consistent_panelA_reconstruction,age-only OOF,0.030690982332947318
C,age-only OOF,24.0,0.02788959140174523,,,2074.0,225.0,,age_only_baseline,"S(t_right)=S(t_left)*(1-p_interval); first [0,1] interval drops survival at t=1",23.0,24.0,0.0912773302858653,interval-consistent reconstruction from Figure 4A source probabilities,same one-second interval grid as Figure 4A; no one-bin survival delay,physical_fixture_id,500,True,S0_raw,survival reconstructed from the same one-second interval probabilities plotted in Figure 4A,interval_consistent_panelA_reconstruction,age-only OOF,0.02788959140174523
C,age-only OOF,25.0,0.025367529602237024,,,1847.0,209.0,,age_only_baseline,"S(t_right)=S(t_left)*(1-p_interval); first [0,1] interval drops survival at t=1",24.0,25.0,0.0904302168926858,interval-consistent reconstruction from Figure 4A source probabilities,same one-second interval grid as Figure 4A; no one-bin survival delay,physical_fixture_id,500,True,S0_raw,survival reconstructed from the same one-second interval probabilities plotted in Figure 4A,interval_consistent_panelA_reconstruction,age-only OOF,0.025367529602237024
C,age-only OOF,26.0,0.023093423568983536,,,1635.0,194.0,,age_only_baseline,"S(t_right)=S(t_left)*(1-p_interval); first [0,1] interval drops survival at t=1",25.0,26.0,0.0896463340700289,interval-consistent reconstruction from Figure 4A source probabilities,same one-second interval grid as Figure 4A; no one-bin survival delay,physical_fixture_id,500,True,S0_raw,survival reconstructed from the same one-second interval probabilities plotted in Figure 4A,interval_consistent_panelA_reconstruction,age-only OOF,0.023093423568983536
C,age-only OOF,27.0,0.02103998273483744,,,1439.0,206.0,,age_only_baseline,"S(t_right)=S(t_left)*(1-p_interval); first [0,1] interval drops survival at t=1",26.0,27.0,0.0889188572674017,interval-consistent reconstruction from Figure 4A source probabilities,same one-second interval grid as Figure 4A; no one-bin survival delay,physical_fixture_id,500,True,S0_raw,survival reconstructed from the same one-second interval probabilities plotted in Figure 4A,interval_consistent_panelA_reconstruction,age-only OOF,0.02103998273483744
C,age-only OOF,28.0,0.01918337447399063,,,1232.0,154.0,,age_only_baseline,"S(t_right)=S(t_left)*(1-p_interval); first [0,1] interval drops survival at t=1",27.0,28.0,0.0882419099029339,interval-consistent reconstruction from Figure 4A source probabilities,same one-second interval grid as Figure 4A; no one-bin survival delay,physical_fixture_id,500,True,S0_raw,survival reconstructed from the same one-second interval probabilities plotted in Figure 4A,interval_consistent_panelA_reconstruction,age-only OOF,0.01918337447399063
C,age-only OOF,29.0,0.017502711280580143,,,1078.0,132.0,,age_only_baseline,"S(t_right)=S(t_left)*(1-p_interval); first [0,1] interval drops survival at t=1",28.0,29.0,0.0876104042950932,interval-consistent reconstruction from Figure 4A source probabilities,same one-second interval grid as Figure 4A; no one-bin survival delay,physical_fixture_id,500,True,S0_raw,survival reconstructed from the same one-second interval probabilities plotted in Figure 4A,interval_consistent_panelA_reconstruction,age-only OOF,0.017502711280580143
C,age-only OOF,30.0,0.015979626857472163,,,946.0,136.0,,age_only_baseline,"S(t_right)=S(t_left)*(1-p_interval); first [0,1] interval drops survival at t=1",29.0,30.0,0.0870199135832113,interval-consistent reconstruction from Figure 4A source probabilities,same one-second interval grid as Figure 4A; no one-bin survival delay,physical_fixture_id,500,True,S0_raw,survival reconstructed from the same one-second interval probabilities plotted in Figure 4A,interval_consistent_panelA_reconstruction,age-only OOF,0.015979626857472163
C,age-only OOF,31.0,0.014597923368137738,,,810.0,110.0,,age_only_baseline,"S(t_right)=S(t_left)*(1-p_interval); first [0,1] interval drops survival at t=1",30.0,31.0,0.0864665678152762,interval-consistent reconstruction from Figure 4A source probabilities,same one-second interval grid as Figure 4A; no one-bin survival delay,physical_fixture_id,500,True,S0_raw,survival reconstructed from the same one-second interval probabilities plotted in Figure 4A,interval_consistent_panelA_reconstruction,age-only OOF,0.014597923368137738
C,age-only OOF,32.0,0.013343276100291995,,,700.0,95.0,,age_only_baseline,"S(t_right)=S(t_left)*(1-p_interval); first [0,1] interval drops survival at t=1",31.0,32.0,0.0859469690452141,interval-consistent reconstruction from Figure 4A source probabilities,same one-second interval grid as Figure 4A; no one-bin survival delay,physical_fixture_id,500,True,S0_raw,survival reconstructed from the same one-second interval probabilities plotted in Figure 4A,interval_consistent_panelA_reconstruction,age-only OOF,0.013343276100291995
C,age-only OOF,33.0,0.012202984790069732,,,605.0,82.0,,age_only_baseline,"S(t_right)=S(t_left)*(1-p_interval); first [0,1] interval drops survival at t=1",32.0,33.0,0.0854581215026578,interval-consistent reconstruction from Figure 4A source probabilities,same one-second interval grid as Figure 4A; no one-bin survival delay,physical_fixture_id,500,True,S0_raw,survival reconstructed from the same one-second interval probabilities plotted in Figure 4A,interval_consistent_panelA_reconstruction,age-only OOF,0.012202984790069732
C,age-only OOF,34.0,0.011165763130352674,,,522.0,73.0,,age_only_baseline,"S(t_right)=S(t_left)*(1-p_interval); first [0,1] interval drops survival at t=1",33.0,34.0,0.0849973738032604,interval-consistent reconstruction from Figure 4A source probabilities,same one-second interval grid as Figure 4A; no one-bin survival delay,physical_fixture_id,500,True,S0_raw,survival reconstructed from the same one-second interval probabilities plotted in Figure 4A,interval_consistent_panelA_reconstruction,age-only OOF,0.011165763130352674
C,age-only OOF,35.0,0.010221559727754665,,,447.0,66.0,,age_only_baseline,"S(t_right)=S(t_left)*(1-p_interval); first [0,1] interval drops survival at t=1",34.0,35.0,0.0845623708451521,interval-consistent reconstruction from Figure 4A source probabilities,same one-second interval grid as Figure 4A; no one-bin survival delay,physical_fixture_id,500,True,S0_raw,survival reconstructed from the same one-second interval probabilities plotted in Figure 4A,interval_consistent_panelA_reconstruction,age-only OOF,0.010221559727754665
C,age+order OOF,0.0,1.0,,,69802.0,,,age_order_model_probability,"S(t_right)=S(t_left)*(1-p_interval); first [0,1] interval drops survival at t=1",,,,interval-consistent reconstruction from Figure 4A source probabilities,same one-second interval grid as Figure 4A; no one-bin survival delay,physical_fixture_id,500,True,S0_raw,survival reconstructed from the same one-second interval probabilities plotted in Figure 4A,interval_consistent_panelA_reconstruction,age+order OOF,1.0
C,age+order OOF,1.0,0.6209904196459536,,,69802.0,29165.0,,age_order_model_probability,"S(t_right)=S(t_left)*(1-p_interval); first [0,1] interval drops survival at t=1",0.0,1.0,0.3790095803540464,interval-consistent reconstruction from Figure 4A source probabilities,same one-second interval grid as Figure 4A; no one-bin survival delay,physical_fixture_id,500,True,S0_raw,survival reconstructed from the same one-second interval probabilities plotted in Figure 4A,interval_consistent_panelA_reconstruction,age+order OOF,0.6209904196459536
C,age+order OOF,2.0,0.452685447838755,,,40619.0,7842.0,,age_order_model_probability,"S(t_right)=S(t_left)*(1-p_interval); first [0,1] interval drops survival at t=1",1.0,2.0,0.2710266800946054,interval-consistent reconstruction from Figure 4A source probabilities,same one-second interval grid as Figure 4A; no one-bin survival delay,physical_fixture_id,500,True,S0_raw,survival reconstructed from the same one-second interval probabilities plotted in Figure 4A,interval_consistent_panelA_reconstruction,age+order OOF,0.452685447838755
C,age+order OOF,3.0,0.3610713059777441,,,32760.0,5421.0,,age_order_model_probability,"S(t_right)=S(t_left)*(1-p_interval); first [0,1] interval drops survival at t=1",2.0,3.0,0.2023792509752677,interval-consistent reconstruction from Figure 4A source probabilities,same one-second interval grid as Figure 4A; no one-bin survival delay,physical_fixture_id,500,True,S0_raw,survival reconstructed from the same one-second interval probabilities plotted in Figure 4A,interval_consistent_panelA_reconstruction,age+order OOF,0.3610713059777441
C,age+order OOF,4.0,0.30031969084412713,,,27323.0,4003.0,,age_order_model_probability,"S(t_right)=S(t_left)*(1-p_interval); first [0,1] interval drops survival at t=1",3.0,4.0,0.1682537884562935,interval-consistent reconstruction from Figure 4A source probabilities,same one-second interval grid as Figure 4A; no one-bin survival delay,physical_fixture_id,500,True,S0_raw,survival reconstructed from the same one-second interval probabilities plotted in Figure 4A,interval_consistent_panelA_reconstruction,age+order OOF,0.30031969084412713
C,age+order OOF,5.0,0.2556010772460157,,,23311.0,3218.0,,age_order_model_probability,"S(t_right)=S(t_left)*(1-p_interval); first [0,1] interval drops survival at t=1",4.0,5.0,0.1489033685151248,interval-consistent reconstruction from Figure 4A source probabilities,same one-second interval grid as Figure 4A; no one-bin survival delay,physical_fixture_id,500,True,S0_raw,survival reconstructed from the same one-second interval probabilities plotted in Figure 4A,interval_consistent_panelA_reconstruction,age+order OOF,0.2556010772460157
C,age+order OOF,6.0,0.22063196598482432,,,20089.0,2698.0,,age_order_model_probability,"S(t_right)=S(t_left)*(1-p_interval); first [0,1] interval drops survival at t=1",5.0,6.0,0.1368112827925747,interval-consistent reconstruction from Figure 4A source probabilities,same one-second interval grid as Figure 4A; no one-bin survival delay,physical_fixture_id,500,True,S0_raw,survival reconstructed from the same one-second interval probabilities plotted in Figure 4A,interval_consistent_panelA_reconstruction,age+order OOF,0.22063196598482432
C,age+order OOF,7.0,0.1922402268562414,,,17386.0,2227.0,,age_order_model_probability,"S(t_right)=S(t_left)*(1-p_interval); first [0,1] interval drops survival at t=1",6.0,7.0,0.1286837063788653,interval-consistent reconstruction from Figure 4A source probabilities,same one-second interval grid as Figure 4A; no one-bin survival delay,physical_fixture_id,500,True,S0_raw,survival reconstructed from the same one-second interval probabilities plotted in Figure 4A,interval_consistent_panelA_reconstruction,age+order OOF,0.1922402268562414
C,age+order OOF,8.0,0.16857339992601877,,,15152.0,1983.0,,age_order_model_probability,"S(t_right)=S(t_left)*(1-p_interval); first [0,1] interval drops survival at t=1",7.0,8.0,0.12311068977213,interval-consistent reconstruction from Figure 4A source probabilities,same one-second interval grid as Figure 4A; no one-bin survival delay,physical_fixture_id,500,True,S0_raw,survival reconstructed from the same one-second interval probabilities plotted in Figure 4A,interval_consistent_panelA_reconstruction,age+order OOF,0.16857339992601877
C,age+order OOF,9.0,0.1484958942604063,,,13165.0,1644.0,,age_order_model_probability,"S(t_right)=S(t_left)*(1-p_interval); first [0,1] interval drops survival at t=1",8.0,9.0,0.1191024543280483,interval-consistent reconstruction from Figure 4A source probabilities,same one-second interval grid as Figure 4A; no one-bin survival delay,physical_fixture_id,500,True,S0_raw,survival reconstructed from the same one-second interval probabilities plotted in Figure 4A,interval_consistent_panelA_reconstruction,age+order OOF,0.1484958942604063
C,age+order OOF,10.0,0.1312211712285045,,,11516.0,1475.0,,age_order_model_probability,"S(t_right)=S(t_left)*(1-p_interval); first [0,1] interval drops survival at t=1",9.0,10.0,0.1163313175622782,interval-consistent reconstruction from Figure 4A source probabilities,same one-second interval grid as Figure 4A; no one-bin survival delay,physical_fixture_id,500,True,S0_raw,survival reconstructed from the same one-second interval probabilities plotted in Figure 4A,interval_consistent_panelA_reconstruction,age+order OOF,0.1312211712285045
C,age+order OOF,11.0,0.11625127095919016,,,10039.0,1245.0,,age_order_model_probability,"S(t_right)=S(t_left)*(1-p_interval); first [0,1] interval drops survival at t=1",10.0,11.0,0.1140814407398194,interval-consistent reconstruction from Figure 4A source probabilities,same one-second interval grid as Figure 4A; no one-bin survival delay,physical_fixture_id,500,True,S0_raw,survival reconstructed from the same one-second interval probabilities plotted in Figure 4A,interval_consistent_panelA_reconstruction,age+order OOF,0.11625127095919016
C,age+order OOF,12.0,0.10320612823566817,,,8789.0,1086.0,,age_order_model_probability,"S(t_right)=S(t_left)*(1-p_interval); first [0,1] interval drops survival at t=1",11.0,12.0,0.1122150546474582,interval-consistent reconstruction from Figure 4A source probabilities,same one-second interval grid as Figure 4A; no one-bin survival delay,physical_fixture_id,500,True,S0_raw,survival reconstructed from the same one-second interval probabilities plotted in Figure 4A,interval_consistent_panelA_reconstruction,age+order OOF,0.10320612823566817
C,age+order OOF,13.0,0.09176331205633358,,,7702.0,946.0,,age_order_model_probability,"S(t_right)=S(t_left)*(1-p_interval); first [0,1] interval drops survival at t=1",12.0,13.0,0.1108734178381855,interval-consistent reconstruction from Figure 4A source probabilities,same one-second interval grid as Figure 4A; no one-bin survival delay,physical_fixture_id,500,True,S0_raw,survival reconstructed from the same one-second interval probabilities plotted in Figure 4A,interval_consistent_panelA_reconstruction,age+order OOF,0.09176331205633358
C,age+order OOF,14.0,0.08169800065431186,,,6752.0,776.0,,age_order_model_probability,"S(t_right)=S(t_left)*(1-p_interval); first [0,1] interval drops survival at t=1",13.0,14.0,0.1096877518527515,interval-consistent reconstruction from Figure 4A source probabilities,same one-second interval grid as Figure 4A; no one-bin survival delay,physical_fixture_id,500,True,S0_raw,survival reconstructed from the same one-second interval probabilities plotted in Figure 4A,interval_consistent_panelA_reconstruction,age+order OOF,0.08169800065431186
C,age+order OOF,15.0,0.07282123118380998,,,5974.0,695.0,,age_order_model_probability,"S(t_right)=S(t_left)*(1-p_interval); first [0,1] interval drops survival at t=1",14.0,15.0,0.1086534480575858,interval-consistent reconstruction from Figure 4A source probabilities,same one-second interval grid as Figure 4A; no one-bin survival delay,physical_fixture_id,500,True,S0_raw,survival reconstructed from the same one-second interval probabilities plotted in Figure 4A,interval_consistent_panelA_reconstruction,age+order OOF,0.07282123118380998
C,age+order OOF,16.0,0.06499727228830245,,,5274.0,591.0,,age_order_model_probability,"S(t_right)=S(t_left)*(1-p_interval); first [0,1] interval drops survival at t=1",15.0,16.0,0.1074406291725401,interval-consistent reconstruction from Figure 4A source probabilities,same one-second interval grid as Figure 4A; no one-bin survival delay,physical_fixture_id,500,True,S0_raw,survival reconstructed from the same one-second interval probabilities plotted in Figure 4A,interval_consistent_panelA_reconstruction,age+order OOF,0.06499727228830245
C,age+order OOF,17.0,0.05806717830512009,,,4679.0,526.0,,age_order_model_probability,"S(t_right)=S(t_left)*(1-p_interval); first [0,1] interval drops survival at t=1",16.0,17.0,0.1066213048517355,interval-consistent reconstruction from Figure 4A source probabilities,same one-second interval grid as Figure 4A; no one-bin survival delay,physical_fixture_id,500,True,S0_raw,survival reconstructed from the same one-second interval probabilities plotted in Figure 4A,interval_consistent_panelA_reconstruction,age+order OOF,0.05806717830512009
C,age+order OOF,18.0,0.051923619174387994,,,4151.0,434.0,,age_order_model_probability,"S(t_right)=S(t_left)*(1-p_interval); first [0,1] interval drops survival at t=1",17.0,18.0,0.1058008897634069,interval-consistent reconstruction from Figure 4A source probabilities,same one-second interval grid as Figure 4A; no one-bin survival delay,physical_fixture_id,500,True,S0_raw,survival reconstructed from the same one-second interval probabilities plotted in Figure 4A,interval_consistent_panelA_reconstruction,age+order OOF,0.051923619174387994
C,age+order OOF,19.0,0.04647564878272505,,,3717.0,384.0,,age_order_model_probability,"S(t_right)=S(t_left)*(1-p_interval); first [0,1] interval drops survival at t=1",18.0,19.0,0.1049227784636057,interval-consistent reconstruction from Figure 4A source probabilities,same one-second interval grid as Figure 4A; no one-bin survival delay,physical_fixture_id,500,True,S0_raw,survival reconstructed from the same one-second interval probabilities plotted in Figure 4A,interval_consistent_panelA_reconstruction,age+order OOF,0.04647564878272505
C,age+order OOF,20.0,0.04162424600224455,,,3332.0,381.0,,age_order_model_probability,"S(t_right)=S(t_left)*(1-p_interval); first [0,1] interval drops survival at t=1",19.0,20.0,0.1043859076214503,interval-consistent reconstruction from Figure 4A source probabilities,same one-second interval grid as Figure 4A; no one-bin survival delay,physical_fixture_id,500,True,S0_raw,survival reconstructed from the same one-second interval probabilities plotted in Figure 4A,interval_consistent_panelA_reconstruction,age+order OOF,0.04162424600224455
C,age+order OOF,21.0,0.03730634028374509,,,2946.0,316.0,,age_order_model_probability,"S(t_right)=S(t_left)*(1-p_interval); first [0,1] interval drops survival at t=1",20.0,21.0,0.1037353497830715,interval-consistent reconstruction from Figure 4A source probabilities,same one-second interval grid as Figure 4A; no one-bin survival delay,physical_fixture_id,500,True,S0_raw,survival reconstructed from the same one-second interval probabilities plotted in Figure 4A,interval_consistent_panelA_reconstruction,age+order OOF,0.03730634028374509
C,age+order OOF,22.0,0.033451996640788975,,,2629.0,286.0,,age_order_model_probability,"S(t_right)=S(t_left)*(1-p_interval); first [0,1] interval drops survival at t=1",21.0,22.0,0.1033160479865002,interval-consistent reconstruction from Figure 4A source probabilities,same one-second interval grid as Figure 4A; no one-bin survival delay,physical_fixture_id,500,True,S0_raw,survival reconstructed from the same one-second interval probabilities plotted in Figure 4A,interval_consistent_panelA_reconstruction,age+order OOF,0.033451996640788975
C,age+order OOF,23.0,0.03000406836862115,,,2340.0,265.0,,age_order_model_probability,"S(t_right)=S(t_left)*(1-p_interval); first [0,1] interval drops survival at t=1",22.0,23.0,0.1030709260553874,interval-consistent reconstruction from Figure 4A source probabilities,same one-second interval grid as Figure 4A; no one-bin survival delay,physical_fixture_id,500,True,S0_raw,survival reconstructed from the same one-second interval probabilities plotted in Figure 4A,interval_consistent_panelA_reconstruction,age+order OOF,0.03000406836862115
C,age+order OOF,24.0,0.026914853153425015,,,2074.0,225.0,,age_order_model_probability,"S(t_right)=S(t_left)*(1-p_interval); first [0,1] interval drops survival at t=1",23.0,24.0,0.1029598778819907,interval-consistent reconstruction from Figure 4A source probabilities,same one-second interval grid as Figure 4A; no one-bin survival delay,physical_fixture_id,500,True,S0_raw,survival reconstructed from the same one-second interval probabilities plotted in Figure 4A,interval_consistent_panelA_reconstruction,age+order OOF,0.026914853153425015
C,age+order OOF,25.0,0.02414098785326524,,,1847.0,209.0,,age_order_model_probability,"S(t_right)=S(t_left)*(1-p_interval); first [0,1] interval drops survival at t=1",24.0,25.0,0.1030607629307014,interval-consistent reconstruction from Figure 4A source probabilities,same one-second interval grid as Figure 4A; no one-bin survival delay,physical_fixture_id,500,True,S0_raw,survival reconstructed from the same one-second interval probabilities plotted in Figure 4A,interval_consistent_panelA_reconstruction,age+order OOF,0.02414098785326524
C,age+order OOF,26.0,0.02164307935312185,,,1635.0,194.0,,age_order_model_probability,"S(t_right)=S(t_left)*(1-p_interval); first [0,1] interval drops survival at t=1",25.0,26.0,0.1034716771047764,interval-consistent reconstruction from Figure 4A source probabilities,same one-second interval grid as Figure 4A; no one-bin survival delay,physical_fixture_id,500,True,S0_raw,survival reconstructed from the same one-second interval probabilities plotted in Figure 4A,interval_consistent_panelA_reconstruction,age+order OOF,0.02164307935312185
C,age+order OOF,27.0,0.019408397168433237,,,1439.0,206.0,,age_order_model_probability,"S(t_right)=S(t_left)*(1-p_interval); first [0,1] interval drops survival at t=1",26.0,27.0,0.1032515820982876,interval-consistent reconstruction from Figure 4A source probabilities,same one-second interval grid as Figure 4A; no one-bin survival delay,physical_fixture_id,500,True,S0_raw,survival reconstructed from the same one-second interval probabilities plotted in Figure 4A,interval_consistent_panelA_reconstruction,age+order OOF,0.019408397168433237
C,age+order OOF,28.0,0.017400044504711804,,,1232.0,154.0,,age_order_model_probability,"S(t_right)=S(t_left)*(1-p_interval); first [0,1] interval drops survival at t=1",27.0,28.0,0.1034785431425485,interval-consistent reconstruction from Figure 4A source probabilities,same one-second interval grid as Figure 4A; no one-bin survival delay,physical_fixture_id,500,True,S0_raw,survival reconstructed from the same one-second interval probabilities plotted in Figure 4A,interval_consistent_panelA_reconstruction,age+order OOF,0.017400044504711804
C,age+order OOF,29.0,0.015593520406444003,,,1078.0,132.0,,age_order_model_probability,"S(t_right)=S(t_left)*(1-p_interval); first [0,1] interval drops survival at t=1",28.0,29.0,0.1038229584860318,interval-consistent reconstruction from Figure 4A source probabilities,same one-second interval grid as Figure 4A; no one-bin survival delay,physical_fixture_id,500,True,S0_raw,survival reconstructed from the same one-second interval probabilities plotted in Figure 4A,interval_consistent_panelA_reconstruction,age+order OOF,0.015593520406444003
C,age+order OOF,30.0,0.0139557635390699,,,946.0,136.0,,age_order_model_probability,"S(t_right)=S(t_left)*(1-p_interval); first [0,1] interval drops survival at t=1",29.0,30.0,0.1050280388703825,interval-consistent reconstruction from Figure 4A source probabilities,same one-second interval grid as Figure 4A; no one-bin survival delay,physical_fixture_id,500,True,S0_raw,survival reconstructed from the same one-second interval probabilities plotted in Figure 4A,interval_consistent_panelA_reconstruction,age+order OOF,0.0139557635390699
C,age+order OOF,31.0,0.012495483630320514,,,810.0,110.0,,age_order_model_probability,"S(t_right)=S(t_left)*(1-p_interval); first [0,1] interval drops survival at t=1",30.0,31.0,0.1046363321262397,interval-consistent reconstruction from Figure 4A source probabilities,same one-second interval grid as Figure 4A; no one-bin survival delay,physical_fixture_id,500,True,S0_raw,survival reconstructed from the same one-second interval probabilities plotted in Figure 4A,interval_consistent_panelA_reconstruction,age+order OOF,0.012495483630320514
C,age+order OOF,32.0,0.01119065458224527,,,700.0,95.0,,age_order_model_probability,"S(t_right)=S(t_left)*(1-p_interval); first [0,1] interval drops survival at t=1",31.0,32.0,0.1044240532562544,interval-consistent reconstruction from Figure 4A source probabilities,same one-second interval grid as Figure 4A; no one-bin survival delay,physical_fixture_id,500,True,S0_raw,survival reconstructed from the same one-second interval probabilities plotted in Figure 4A,interval_consistent_panelA_reconstruction,age+order OOF,0.01119065458224527
C,age+order OOF,33.0,0.010013309697694784,,,605.0,82.0,,age_order_model_probability,"S(t_right)=S(t_left)*(1-p_interval); first [0,1] interval drops survival at t=1",32.0,33.0,0.1052078657148817,interval-consistent reconstruction from Figure 4A source probabilities,same one-second interval grid as Figure 4A; no one-bin survival delay,physical_fixture_id,500,True,S0_raw,survival reconstructed from the same one-second interval probabilities plotted in Figure 4A,interval_consistent_panelA_reconstruction,age+order OOF,0.010013309697694784
C,age+order OOF,34.0,0.008961070918044973,,,522.0,73.0,,age_order_model_probability,"S(t_right)=S(t_left)*(1-p_interval); first [0,1] interval drops survival at t=1",33.0,34.0,0.1050840143186676,interval-consistent reconstruction from Figure 4A source probabilities,same one-second interval grid as Figure 4A; no one-bin survival delay,physical_fixture_id,500,True,S0_raw,survival reconstructed from the same one-second interval probabilities plotted in Figure 4A,interval_consistent_panelA_reconstruction,age+order OOF,0.008961070918044973
C,age+order OOF,35.0,0.008012936170289758,,,447.0,66.0,,age_order_model_probability,"S(t_right)=S(t_left)*(1-p_interval); first [0,1] interval drops survival at t=1",34.0,35.0,0.1058059640891748,interval-consistent reconstruction from Figure 4A source probabilities,same one-second interval grid as Figure 4A; no one-bin survival delay,physical_fixture_id,500,True,S0_raw,survival reconstructed from the same one-second interval probabilities plotted in Figure 4A,interval_consistent_panelA_reconstruction,age+order OOF,0.008012936170289758
C,full OOF,0.0,1.0,,,69802.0,,,full_hazard_model,"S(t_right)=S(t_left)*(1-p_interval); first [0,1] interval drops survival at t=1",,,,interval-consistent reconstruction from Figure 4A source probabilities,same one-second interval grid as Figure 4A; no one-bin survival delay,physical_fixture_id,500,True,S0_raw,survival reconstructed from the same one-second interval probabilities plotted in Figure 4A,interval_consistent_panelA_reconstruction,full OOF,1.0
C,full OOF,1.0,0.6209904196453326,,,69802.0,29165.0,,full_hazard_model,"S(t_right)=S(t_left)*(1-p_interval); first [0,1] interval drops survival at t=1",0.0,1.0,0.3790095803546673,interval-consistent reconstruction from Figure 4A source probabilities,same one-second interval grid as Figure 4A; no one-bin survival delay,physical_fixture_id,500,True,S0_raw,survival reconstructed from the same one-second interval probabilities plotted in Figure 4A,interval_consistent_panelA_reconstruction,full OOF,0.6209904196453326
C,full OOF,2.0,0.4526854478378497,,,40619.0,7842.0,,full_hazard_model,"S(t_right)=S(t_left)*(1-p_interval); first [0,1] interval drops survival at t=1",1.0,2.0,0.2710266800953343,interval-consistent reconstruction from Figure 4A source probabilities,same one-second interval grid as Figure 4A; no one-bin survival delay,physical_fixture_id,500,True,S0_raw,survival reconstructed from the same one-second interval probabilities plotted in Figure 4A,interval_consistent_panelA_reconstruction,full OOF,0.4526854478378497
C,full OOF,3.0,0.361071305976661,,,32760.0,5421.0,,full_hazard_model,"S(t_right)=S(t_left)*(1-p_interval); first [0,1] interval drops survival at t=1",2.0,3.0,0.2023792509760653,interval-consistent reconstruction from Figure 4A source probabilities,same one-second interval grid as Figure 4A; no one-bin survival delay,physical_fixture_id,500,True,S0_raw,survival reconstructed from the same one-second interval probabilities plotted in Figure 4A,interval_consistent_panelA_reconstruction,full OOF,0.361071305976661
C,full OOF,4.0,0.30031969084292587,,,27323.0,4003.0,,full_hazard_model,"S(t_right)=S(t_left)*(1-p_interval); first [0,1] interval drops survival at t=1",3.0,4.0,0.1682537884571253,interval-consistent reconstruction from Figure 4A source probabilities,same one-second interval grid as Figure 4A; no one-bin survival delay,physical_fixture_id,500,True,S0_raw,survival reconstructed from the same one-second interval probabilities plotted in Figure 4A,interval_consistent_panelA_reconstruction,full OOF,0.30031969084292587
C,full OOF,5.0,0.2556010772447377,,,23311.0,3218.0,,full_hazard_model,"S(t_right)=S(t_left)*(1-p_interval); first [0,1] interval drops survival at t=1",4.0,5.0,0.1489033685159759,interval-consistent reconstruction from Figure 4A source probabilities,same one-second interval grid as Figure 4A; no one-bin survival delay,physical_fixture_id,500,True,S0_raw,survival reconstructed from the same one-second interval probabilities plotted in Figure 4A,interval_consistent_panelA_reconstruction,full OOF,0.2556010772447377
C,full OOF,6.0,0.22063196598350052,,,20089.0,2698.0,,full_hazard_model,"S(t_right)=S(t_left)*(1-p_interval); first [0,1] interval drops survival at t=1",5.0,6.0,0.1368112827934379,interval-consistent reconstruction from Figure 4A source probabilities,same one-second interval grid as Figure 4A; no one-bin survival delay,physical_fixture_id,500,True,S0_raw,survival reconstructed from the same one-second interval probabilities plotted in Figure 4A,interval_consistent_panelA_reconstruction,full OOF,0.22063196598350052
C,full OOF,7.0,0.1922402268548957,,,17386.0,2227.0,,full_hazard_model,"S(t_right)=S(t_left)*(1-p_interval); first [0,1] interval drops survival at t=1",6.0,7.0,0.1286837063797366,interval-consistent reconstruction from Figure 4A source probabilities,same one-second interval grid as Figure 4A; no one-bin survival delay,physical_fixture_id,500,True,S0_raw,survival reconstructed from the same one-second interval probabilities plotted in Figure 4A,interval_consistent_panelA_reconstruction,full OOF,0.1922402268548957
C,full OOF,8.0,0.16857339992467016,,,15152.0,1983.0,,full_hazard_model,"S(t_right)=S(t_left)*(1-p_interval); first [0,1] interval drops survival at t=1",7.0,8.0,0.1231106897730069,interval-consistent reconstruction from Figure 4A source probabilities,same one-second interval grid as Figure 4A; no one-bin survival delay,physical_fixture_id,500,True,S0_raw,survival reconstructed from the same one-second interval probabilities plotted in Figure 4A,interval_consistent_panelA_reconstruction,full OOF,0.16857339992467016
C,full OOF,9.0,0.1484958942590698,,,13165.0,1644.0,,full_hazard_model,"S(t_right)=S(t_left)*(1-p_interval); first [0,1] interval drops survival at t=1",8.0,9.0,0.1191024543289292,interval-consistent reconstruction from Figure 4A source probabilities,same one-second interval grid as Figure 4A; no one-bin survival delay,physical_fixture_id,500,True,S0_raw,survival reconstructed from the same one-second interval probabilities plotted in Figure 4A,interval_consistent_panelA_reconstruction,full OOF,0.1484958942590698
C,full OOF,10.0,0.13122117122719226,,,11516.0,1475.0,,full_hazard_model,"S(t_right)=S(t_left)*(1-p_interval); first [0,1] interval drops survival at t=1",9.0,10.0,0.1163313175631618,interval-consistent reconstruction from Figure 4A source probabilities,same one-second interval grid as Figure 4A; no one-bin survival delay,physical_fixture_id,500,True,S0_raw,survival reconstructed from the same one-second interval probabilities plotted in Figure 4A,interval_consistent_panelA_reconstruction,full OOF,0.13122117122719226
C,full OOF,11.0,0.11625127095791139,,,10039.0,1245.0,,full_hazard_model,"S(t_right)=S(t_left)*(1-p_interval); first [0,1] interval drops survival at t=1",10.0,11.0,0.1140814407407053,interval-consistent reconstruction from Figure 4A source probabilities,same one-second interval grid as Figure 4A; no one-bin survival delay,physical_fixture_id,500,True,S0_raw,survival reconstructed from the same one-second interval probabilities plotted in Figure 4A,interval_consistent_panelA_reconstruction,full OOF,0.11625127095791139
C,full OOF,12.0,0.10320612823442969,,,8789.0,1086.0,,full_hazard_model,"S(t_right)=S(t_left)*(1-p_interval); first [0,1] interval drops survival at t=1",11.0,12.0,0.1122150546483459,interval-consistent reconstruction from Figure 4A source probabilities,same one-second interval grid as Figure 4A; no one-bin survival delay,physical_fixture_id,500,True,S0_raw,survival reconstructed from the same one-second interval probabilities plotted in Figure 4A,interval_consistent_panelA_reconstruction,full OOF,0.10320612823442969
C,full OOF,13.0,0.09176331205514066,,,7702.0,946.0,,full_hazard_model,"S(t_right)=S(t_left)*(1-p_interval); first [0,1] interval drops survival at t=1",12.0,13.0,0.1108734178390746,interval-consistent reconstruction from Figure 4A source probabilities,same one-second interval grid as Figure 4A; no one-bin survival delay,physical_fixture_id,500,True,S0_raw,survival reconstructed from the same one-second interval probabilities plotted in Figure 4A,interval_consistent_panelA_reconstruction,full OOF,0.09176331205514066
C,full OOF,14.0,0.08169800065316808,,,6752.0,776.0,,full_hazard_model,"S(t_right)=S(t_left)*(1-p_interval); first [0,1] interval drops survival at t=1",13.0,14.0,0.1096877518536419,interval-consistent reconstruction from Figure 4A source probabilities,same one-second interval grid as Figure 4A; no one-bin survival delay,physical_fixture_id,500,True,S0_raw,survival reconstructed from the same one-second interval probabilities plotted in Figure 4A,interval_consistent_panelA_reconstruction,full OOF,0.08169800065316808
C,full OOF,15.0,0.07282123118271766,,,5974.0,695.0,,full_hazard_model,"S(t_right)=S(t_left)*(1-p_interval); first [0,1] interval drops survival at t=1",14.0,15.0,0.1086534480584771,interval-consistent reconstruction from Figure 4A source probabilities,same one-second interval grid as Figure 4A; no one-bin survival delay,physical_fixture_id,500,True,S0_raw,survival reconstructed from the same one-second interval probabilities plotted in Figure 4A,interval_consistent_panelA_reconstruction,full OOF,0.07282123118271766
C,full OOF,16.0,0.06499727228726249,,,5274.0,591.0,,full_hazard_model,"S(t_right)=S(t_left)*(1-p_interval); first [0,1] interval drops survival at t=1",15.0,16.0,0.1074406291734326,interval-consistent reconstruction from Figure 4A source probabilities,same one-second interval grid as Figure 4A; no one-bin survival delay,physical_fixture_id,500,True,S0_raw,survival reconstructed from the same one-second interval probabilities plotted in Figure 4A,interval_consistent_panelA_reconstruction,full OOF,0.06499727228726249
C,full OOF,17.0,0.058067178304132945,,,4679.0,526.0,,full_hazard_model,"S(t_right)=S(t_left)*(1-p_interval); first [0,1] interval drops survival at t=1",16.0,17.0,0.1066213048526289,interval-consistent reconstruction from Figure 4A source probabilities,same one-second interval grid as Figure 4A; no one-bin survival delay,physical_fixture_id,500,True,S0_raw,survival reconstructed from the same one-second interval probabilities plotted in Figure 4A,interval_consistent_panelA_reconstruction,full OOF,0.058067178304132945
C,full OOF,18.0,0.05192361917345336,,,4151.0,434.0,,full_hazard_model,"S(t_right)=S(t_left)*(1-p_interval); first [0,1] interval drops survival at t=1",17.0,18.0,0.105800889764301,interval-consistent reconstruction from Figure 4A source probabilities,same one-second interval grid as Figure 4A; no one-bin survival delay,physical_fixture_id,500,True,S0_raw,survival reconstructed from the same one-second interval probabilities plotted in Figure 4A,interval_consistent_panelA_reconstruction,full OOF,0.05192361917345336
C,full OOF,19.0,0.04647564878184201,,,3717.0,384.0,,full_hazard_model,"S(t_right)=S(t_left)*(1-p_interval); first [0,1] interval drops survival at t=1",18.0,19.0,0.1049227784645008,interval-consistent reconstruction from Figure 4A source probabilities,same one-second interval grid as Figure 4A; no one-bin survival delay,physical_fixture_id,500,True,S0_raw,survival reconstructed from the same one-second interval probabilities plotted in Figure 4A,interval_consistent_panelA_reconstruction,full OOF,0.04647564878184201
C,full OOF,20.0,0.04162424600141206,,,3332.0,381.0,,full_hazard_model,"S(t_right)=S(t_left)*(1-p_interval); first [0,1] interval drops survival at t=1",19.0,20.0,0.1043859076223458,interval-consistent reconstruction from Figure 4A source probabilities,same one-second interval grid as Figure 4A; no one-bin survival delay,physical_fixture_id,500,True,S0_raw,survival reconstructed from the same one-second interval probabilities plotted in Figure 4A,interval_consistent_panelA_reconstruction,full OOF,0.04162424600141206
C,full OOF,21.0,0.037306229174730664,,,2946.0,316.0,,full_hazard_model,"S(t_right)=S(t_left)*(1-p_interval); first [0,1] interval drops survival at t=1",20.0,21.0,0.1037380190991306,interval-consistent reconstruction from Figure 4A source probabilities,same one-second interval grid as Figure 4A; no one-bin survival delay,physical_fixture_id,500,True,S0_raw,survival reconstructed from the same one-second interval probabilities plotted in Figure 4A,interval_consistent_panelA_reconstruction,full OOF,0.037306229174730664
C,full OOF,22.0,0.0333554795138473,,,2629.0,286.0,,full_hazard_model,"S(t_right)=S(t_left)*(1-p_interval); first [0,1] interval drops survival at t=1",21.0,22.0,0.1059005358697416,interval-consistent reconstruction from Figure 4A source probabilities,same one-second interval grid as Figure 4A; no one-bin survival delay,physical_fixture_id,500,True,S0_raw,survival reconstructed from the same one-second interval probabilities plotted in Figure 4A,interval_consistent_panelA_reconstruction,full OOF,0.0333554795138473
C,full OOF,23.0,0.02968057630358083,,,2340.0,265.0,,full_hazard_model,"S(t_right)=S(t_left)*(1-p_interval); first [0,1] interval drops survival at t=1",22.0,23.0,0.1101738983767526,interval-consistent reconstruction from Figure 4A source probabilities,same one-second interval grid as Figure 4A; no one-bin survival delay,physical_fixture_id,500,True,S0_raw,survival reconstructed from the same one-second interval probabilities plotted in Figure 4A,interval_consistent_panelA_reconstruction,full OOF,0.02968057630358083
C,full OOF,24.0,0.026292970816763905,,,2074.0,225.0,,full_hazard_model,"S(t_right)=S(t_left)*(1-p_interval); first [0,1] interval drops survival at t=1",23.0,24.0,0.1141354349783372,interval-consistent reconstruction from Figure 4A source probabilities,same one-second interval grid as Figure 4A; no one-bin survival delay,physical_fixture_id,500,True,S0_raw,survival reconstructed from the same one-second interval probabilities plotted in Figure 4A,interval_consistent_panelA_reconstruction,full OOF,0.026292970816763905
C,full OOF,25.0,0.023192883732718935,,,1847.0,209.0,,full_hazard_model,"S(t_right)=S(t_left)*(1-p_interval); first [0,1] interval drops survival at t=1",24.0,25.0,0.1179055461495592,interval-consistent reconstruction from Figure 4A source probabilities,same one-second interval grid as Figure 4A; no one-bin survival delay,physical_fixture_id,500,True,S0_raw,survival reconstructed from the same one-second interval probabilities plotted in Figure 4A,interval_consistent_panelA_reconstruction,full OOF,0.023192883732718935
C,full OOF,26.0,0.020372195868772605,,,1635.0,194.0,,full_hazard_model,"S(t_right)=S(t_left)*(1-p_interval); first [0,1] interval drops survival at t=1",25.0,26.0,0.121618678231336,interval-consistent reconstruction from Figure 4A source probabilities,same one-second interval grid as Figure 4A; no one-bin survival delay,physical_fixture_id,500,True,S0_raw,survival reconstructed from the same one-second interval probabilities plotted in Figure 4A,interval_consistent_panelA_reconstruction,full OOF,0.020372195868772605
C,full OOF,27.0,0.017838110535695808,,,1439.0,206.0,,full_hazard_model,"S(t_right)=S(t_left)*(1-p_interval); first [0,1] interval drops survival at t=1",26.0,27.0,0.1243894055113201,interval-consistent reconstruction from Figure 4A source probabilities,same one-second interval grid as Figure 4A; no one-bin survival delay,physical_fixture_id,500,True,S0_raw,survival reconstructed from the same one-second interval probabilities plotted in Figure 4A,interval_consistent_panelA_reconstruction,full OOF,0.017838110535695808
C,full OOF,28.0,0.015567216285136118,,,1232.0,154.0,,full_hazard_model,"S(t_right)=S(t_left)*(1-p_interval); first [0,1] interval drops survival at t=1",27.0,28.0,0.1273057617854429,interval-consistent reconstruction from Figure 4A source probabilities,same one-second interval grid as Figure 4A; no one-bin survival delay,physical_fixture_id,500,True,S0_raw,survival reconstructed from the same one-second interval probabilities plotted in Figure 4A,interval_consistent_panelA_reconstruction,full OOF,0.015567216285136118
C,full OOF,29.0,0.01354234098012945,,,1078.0,132.0,,full_hazard_model,"S(t_right)=S(t_left)*(1-p_interval); first [0,1] interval drops survival at t=1",28.0,29.0,0.1300730501791806,interval-consistent reconstruction from Figure 4A source probabilities,same one-second interval grid as Figure 4A; no one-bin survival delay,physical_fixture_id,500,True,S0_raw,survival reconstructed from the same one-second interval probabilities plotted in Figure 4A,interval_consistent_panelA_reconstruction,full OOF,0.01354234098012945
C,full OOF,30.0,0.011735301735946613,,,946.0,136.0,,full_hazard_model,"S(t_right)=S(t_left)*(1-p_interval); first [0,1] interval drops survival at t=1",29.0,30.0,0.133436253512911,interval-consistent reconstruction from Figure 4A source probabilities,same one-second interval grid as Figure 4A; no one-bin survival delay,physical_fixture_id,500,True,S0_raw,survival reconstructed from the same one-second interval probabilities plotted in Figure 4A,interval_consistent_panelA_reconstruction,full OOF,0.011735301735946613
C,full OOF,31.0,0.010150575574737211,,,810.0,110.0,,full_hazard_model,"S(t_right)=S(t_left)*(1-p_interval); first [0,1] interval drops survival at t=1",30.0,31.0,0.1350392343432635,interval-consistent reconstruction from Figure 4A source probabilities,same one-second interval grid as Figure 4A; no one-bin survival delay,physical_fixture_id,500,True,S0_raw,survival reconstructed from the same one-second interval probabilities plotted in Figure 4A,interval_consistent_panelA_reconstruction,full OOF,0.010150575574737211
C,full OOF,32.0,0.008763746805944427,,,700.0,95.0,,full_hazard_model,"S(t_right)=S(t_left)*(1-p_interval); first [0,1] interval drops survival at t=1",31.0,32.0,0.136625628623891,interval-consistent reconstruction from Figure 4A source probabilities,same one-second interval grid as Figure 4A; no one-bin survival delay,physical_fixture_id,500,True,S0_raw,survival reconstructed from the same one-second interval probabilities plotted in Figure 4A,interval_consistent_panelA_reconstruction,full OOF,0.008763746805944427
C,full OOF,33.0,0.007545596251701475,,,605.0,82.0,,full_hazard_model,"S(t_right)=S(t_left)*(1-p_interval); first [0,1] interval drops survival at t=1",32.0,33.0,0.1389988302054418,interval-consistent reconstruction from Figure 4A source probabilities,same one-second interval grid as Figure 4A; no one-bin survival delay,physical_fixture_id,500,True,S0_raw,survival reconstructed from the same one-second interval probabilities plotted in Figure 4A,interval_consistent_panelA_reconstruction,full OOF,0.007545596251701475
C,full OOF,34.0,0.006486632416013688,,,522.0,73.0,,full_hazard_model,"S(t_right)=S(t_left)*(1-p_interval); first [0,1] interval drops survival at t=1",33.0,34.0,0.1403419690589725,interval-consistent reconstruction from Figure 4A source probabilities,same one-second interval grid as Figure 4A; no one-bin survival delay,physical_fixture_id,500,True,S0_raw,survival reconstructed from the same one-second interval probabilities plotted in Figure 4A,interval_consistent_panelA_reconstruction,full OOF,0.006486632416013688
C,full OOF,35.0,0.005563218740411244,,,447.0,66.0,,full_hazard_model,"S(t_right)=S(t_left)*(1-p_interval); first [0,1] interval drops survival at t=1",34.0,35.0,0.1423564056632519,interval-consistent reconstruction from Figure 4A source probabilities,same one-second interval grid as Figure 4A; no one-bin survival delay,physical_fixture_id,500,True,S0_raw,survival reconstructed from the same one-second interval probabilities plotted in Figure 4A,interval_consistent_panelA_reconstruction,full OOF,0.005563218740411244
